site,log_id,species,end1_diameter_cm,middle_diameter_cm,end2_diameter_cm,length_m,moss_cover_perc,lichen_cover_perc,bark_cover_perc,char_perc,combustion_code,length_off_soil_m,harvested_code,times_sampled,length_adj,notes,
6,457,THPL,49,53,50,3.3,0,0,0,90,P,0,Y,1,1,A SECTION MAY HAVE ROLLED AWAY 0.56 M IN LENGTH AND 43 CM DIAM WITH INNER MISSING DIAMETER OF 21 CM,
6,458,ABAM,26,29,20,3,0,0,0,90,P,2.5,N,0,0,,
6,459,PSME,44,36,38,4.75,0,0,0,95,P,2,N,0,0,,
6,460,ABAM,0,0,0,0,0,0,0,0,C,0,N,0,0,,
6,461,ABAM,0,0,0,0,0,0,0,0,C,0,N,0,0,,
6,462,TSHE,45,42,31,4.13,0,0,0,90,P,0,N,0,0,,
6,463,TSHE,40.8900966,33.52174513,26.15339366,1.25,0,0,0,90,P,0,Y,1,1,"TWO PIECES: 88x19 CM DIAM, 0.65 M LONG; 38x18 CM 0.6 M LONG",
6,464,THPL,29,29,35,4.88,0,0,0,95,P,3,N,0,0,,
6,465,TSHE,32,31,32,5.5,0,0,0,95,P,3,N,0,0,,
6,466,ABAM,0,0,0,0,0,0,0,0,C,0,Y,2,1,,
6,467,ABAM,51,48,45,1,0,0,0,0,P,0,N,0,1,"TWO PIECES: 51 DIAM, 0.5 M LONG; 45 DIAM, 0.5 M LONG",
6,468,TSHE,30,34,32,4.6,0,0,0,95,P,0,Y,1,1,,
6,469,ABAM,22,35,44,4.5,0,0,0,95,P,0,Y,1,1,44 DIAM PIECES WAS HOLLOW 14 CM,
6,470,THPL,34,34,35,5.35,0,0,0,97,P,3.35,N,0,0,,
6,471,THPL,41,42,50,5.4,0,0,0,95,P,4.4,N,0,0,,
6,472,PSME,35.5,38.5,8.660254038,4.14,0,0,0,85,P,0.5,Y,1,1,MISSING COOKIES,
6,473,THPL,48,45,42,3.9,0,0,0,90,P,0.5,Y,1,1,"MISSING COOKIES; FOUR PIECES 35 DIAM 0.95 LONG; 36 CM, 0.99 LONG; 41 DIAM, 1.01 LONG; 36 DIAM, 0.32 LONG; 15 x 5 CM DIAM, 0.87 LONG",
6,474,PSME,35,33,23,5.45,0,0,0,95,P,0.6,Y,1,0,,
6,475,THPL,23,27,28,5.5,0,0,0,90,P,0.7,N,0,0,,
6,476,PSME,44,40,40,5.45,0,0,0,90,P,0,Y,1,0,,
6,477,THPL,43,40,39,4.4,0,0,0,0,P,2.7,Y,1,1,MISSING COOKIES,
6,478,ABAM,0,0,0,0,0,0,0,0,C,0,Y,1,0,,
6,479,THPL,32,34,41,4.65,0,0,0,99,P,0,Y,2,1,MISSING COOKIES; HOLLOW 0.5 M O4 41 CM DIAM OF 27 CM,
6,480,THPL,36,36,43,5.5,0,0,0,99,P,4.5,N,0,0,,
6,481,THPL,55.4436651,47.79669245,40.1497198,3.38,0,0,0,100,P,3.3,N,0,0,,
6,482,ABAM,0,0,0,0,0,0,0,0,C,0,Y,2,0,"A BIT CONFUSING AS ANOTHER LOG IS OVERLAYING THIS LOG, BUT THAT LOG IS TOO LARGE A DIAM AND LENGTH",
6,483,ABAM,0,0,0,0,0,0,0,0,C,0,N,0,0,NOT FOUND; ASSUMED COKPLETELY COMBUSTED,
6,484,THPL,45.5,42,47,4.05,0,0,0,95,P,0,Y,1,1,"MISSING COOKIES; SIX PIECES: 51 DIAM, 0.48 LONG, 40 DIAM, 0.36 LONG; 44 DIAM, 0.85 LONG; 49 DIAM, 0.93 LONG; 45 DIAM, 0.58 LONG",
6,485,ABAM,17.8605711,15.25484087,12.64911064,0.93,0,0,0,50,P,0,Y,1,1,"TWO PIECES: 16x 10 DIAM, 0.48 M LONG; 29x11 DIAM, 0.45 LONG",
6,486,THPL,11.48912529,13.52273724,15.55634919,2.33,0,0,0,98,P,2.1,N,0,0,,
6,487,PSME,31,31,27,5.5,0,0,0,95,P,3.7,N,0,0,,
6,488,TSHE,37,32,26,3.52,0,0,0,90,P,0,Y,2,1,"MISSING COOKIES; FIVE PIECES: 37 DIAM, 0.92 LONG;22x11, 0.53 LONG;32 DIAM, 1.2 LONG; 34x17 DIAM, 0.44 LONG;26 DIAM, 0.43 LONG",
6,489,ABAM,11.83215957,11.83215957,11.83215957,0.27,0,0,0,100,P,0,N,0,0,,
6,490,TSHE,18,27,25,5.2,0,0,0,95,P,3.2,N,0,0,FRAGMENTING,
6,491,ABAM,0,0,0,0,0,0,0,0,C,0,N,0,0,,
6,492,TSHE,34,36,35,5.37,0,0,0,80,P,2.7,N,0,0,,
6,493,PSME,28.5,35,31.79158979,3.73,0,0,0,97,P,0.5,Y,2,1,"MISSING COOKIES; SIX PIECES: 24 DIAM, 0.5 LONG; 33 DIAM, 0.92 LONG; 35 DIAM, 0.62 LONG; 35 DIAM,0.59 LONG; 51x10 DIAM, 0.42 LONG; 41 DIAM, 0.68 LONG",
6,494,ABAM,0,0,0,0,0,0,0,0,C,0,Y,2,0,"NOT FOUND, BUT ASSUMED TO BE COMPLETELY COMBUSTED",
6,495,TSHE,19,22,27,2.55,0,0,0,90,P,2.55,N,0,0,,
6,496,ABAM,0,0,0,0,0,0,0,0,C,0,Y,1,0,,
6,497,PSME,36,32,45,5.55,0,0,10,97,P,0,Y,1,0,,
6,498,PSME,40,44,63,5.5,0,0,25,90,P,3.43,N,0,0,,
6,499,TSHE,37,32,19,5.56,0,0,0,85,P,4.85,N,0,0,SUSPENDED BY ROOTS,
6,500,ABAM,0,0,0,0,0,0,0,0,C,0,N,0,0,,
6,501,THPL,38,36,35,5.5,0,0,0,97,P,4.35,N,0,0,,
6,502,PSME,33,31.5,30,1.8,0,0,0,95,P,0.2,Y,1,1,"TWO PIECES: 33 DIAM, 0.85 LONG; 30 DIAM, 0.95 LONG",
6,503,TSHE,20.49390153,32.15587038,13.41640786,2.51,0,0,0,95,P,0,Y,1,1,"THREE PIECES: 28x15 CM DIAM, 0.88 LONG; 47x22, 1.2 M LONG; 20x9 DIAM, 0.43 LONG",
6,504,PSME,55,45,42,5.5,0,0,20,90,P,4.3,N,0,0,,
6,505,PSME,42,42,37,5.55,0,0,0,95,P,1.6,N,0,0,,
6,506,PSME,42,43,38,5.5,0,0,1,90,P,1.85,N,0,0,,
6,507,TSHE,39.11521443,22.8035085,30.39736831,1.91,0,0,0,80,P,0,Y,2,1,"MISSING COOKIES; THREE PIECES: 90x17 DIAM, 1.05 LONG; 40x13, 0.45 LONG; 42x22, 0.41 LONG",
6,508,PSME,32,32,29,2.55,0,0,0,97,P,0.29,Y,2,0,,
6,509,TSHE,37,37,40,5.4,0,0,0,95,P,0.5,Y,1,0,,
6,510,TSHE,14,37,15,5.45,0,0,0,95,P,0.7,N,0,0,,
6,511,THPL,47,42,50,4.04,0,0,0,95,P,0,Y,3,1,50 CM DIAM HAD HOLLOW 16 CM; ASSUME LENGTH OF 2.02 M,
6,512,PSME,37,40,48,5.4,0,0,0,98,P,4.5,N,0,0,,
6,513,TSHE,37,37,37,0.6,0,0,0,90,P,0,Y,1,1,,
6,514,PSME,35,43,45,2.95,0,0,0,90,P,0,Y,3,1,,
6,515,ABAM,24,17,18,2.9,0,0,0,25,P,0.2,N,0,0,,
6,516,THPL,44,45,51,4.31,0,0,0,85,P,0,Y,2,1,HOLLOW IN 0.8 M OF MIDDLE DIAMETER 26 DIAM HOLLOW,
6,517,THPL,47,43,39,5.4,0,0,0,98,P,1,N,0,0,,
6,518,ABAM,0,0,0,0,0,0,0,0,C,0,Y,2,0,,
6,519,TSHE,20,32,29,4.37,0,0,0,90,P,0,Y,3,1,,
6,520,TSHE,43,29,15,1.89,0,0,0,80,P,0,Y,1,1,"TWO PIECES: 43 DIAM, 1.03 LONG; 15 DIAM 0.86 LONG",
6,521,THPL,33.5,36,24.99253856,2.91,0,0,0,90,P,0,Y,1,1,"FOUR PIECES: 31 SOLID 17 HOLLOW,0.35 LONG;36 DIAM,1.33 LONG;55x10 DIAM, 0.55 LONG;44x16, 0.68 LONG",
6,522,PSME,42,43,45,5.5,0,0,5,90,P,4,N,0,0,,
6,523,PSME,36,41,46,5.15,0,0,0,90,P,0.5,Y,1,1,,
6,524,TSHE,27,25,19,2.6,0,0,0,90,P,0,N,0,0,,
6,525,TSHE,39,39,38,3.8,0,0,0,95,P,2.7,N,0,0,,
6,526,THPL,25.92296279,25.92296279,25.92296279,0.55,0,0,0,95,P,0,Y,1,1,,
6,527,THPL,35,27,11,5.4,0,0,0,95,P,2.5,N,0,0,,
6,528,ABAM,0,0,0,0,0,0,0,0,C,0,,0,0,LOG COMPLETELY MISSING,
6,535,THPL,,,,,,,,,,,,,,not on map; not found,
5,361,PSME,41.47288271,45,50,5.13,0,0,0,100,P,0,Y,1,1,"SIX PIECES:49x43 DIAM, 0.95 LONG;39x32 DIAM, 0.85 LONG;","52x44 DIAM, 0.78 LONG; 45 DIAM, 0.89 LONG; 33 DIAM, 0.56 LONG;50 DIAM, 1.1 LONG"
5,362,THPL,43.4281015,35.56683849,46.99444376,5.39,0,0,0,100,P,1.7,N,0,0,"THREE SEGMENTS MEASURED: 46x41 D, 0.64 L; 55x23 D, 1.95 L; 44x46, 49 D, 2.8 L",
5,363,TSHE,24.15936559,19.36491673,27.71281292,3.38,0,0,0,100,P,2.4,N,0,0,"MEASURED IN 2 SEGMENTS: 25x33, 24x16, 25x15 DIAMS, 2.8 LENGTHP; 48x16 DIAM, 0.58 LENGTH",
5,364,PSME,63.28506933,52.96225071,51.75905718,5.1,0,0,2,100,P,1.1,N,0,0,,
5,365,PSME,47.49736835,47,45,4.47,0,0,0,100,P,2.35,N,0,0,"MEASURED IN TWO SECTIONS: 48X47 DIAM, 2 LENGTH; 47 AND 45 DIAMS,2.47 LENGTH",
5,366,THPL,46.43274706,24.65765601,24.65765601,4.98,0,0,0,100,P,1.85,N,0,0,,
5,367,ABAM,16.88194302,16.59572472,16.30950643,1.2,0,0,0,100,P,0,Y,3,0,ONE SMALL PIECE,
5,368,TSHE,20.90454496,19.69889348,18.49324201,0.77,0,0,0,100,P,0.2,N,0,0,ONE PIECE,
5,369,TSHE,4,4,4,0.75,0,0,0,100,P,0,N,0,0,ONE PIECE,
5,370,ABAM,0,0,0,0,0,0,0,0,C,0,N,0,0,COMPLETELY COMBUSTED,
5,371,TSHE,21.16601049,26,15.29705854,1.4,0,0,0,100,P,0,N,0,0,"TWO PIECES: 32x14 DIAM, 0.53 LENGTH; 26, 18x18 DIAMS, 0.87 LENGTH",
5,372,PSME,55,41.89272013,28.39013913,5.46,0,0,25,100,P,2.6,N,0,0,ONE PIECE,
5,373,THPL,11.83215957,28.46049894,10.95445115,4,0,0,0,95,P,1.45,N,0,0,"TWO PIECES: 20x7, 24x10, 45x18 DIAMS, 2.95 LENGTH; 36x8,20x6 DIAMS, 1.05 LENGTH",
5,374,PSME,32.18695388,22.04540769,14.49137675,1.77,0,0,0,100,P,0.4,Y,1,1,"THREE PIECES: 37x28 DIAM,0.91 LENGTH; 27x18 DIAM, 0.41 LENGTH; 15x14 DIAM, 0.45 LENGTH",
5,375,TSHE,9.38083152,7.648455651,5.916079783,3.14,0,0,0,95,P,0,N,0,0,"TWO PIECES: 11x8 DIAM, 1.89 LENGTH; 7x5 DIAM, 1.25 LENGTH",
5,376,TSHE,24.04163056,44.70886271,29.69848481,4.7,0,0,0,95,P,0,N,0,0,"ONE PIECE 4 DIAMETERS; new measures 69X 16 D, 0.81 l end; 46X 13 D, 0.93 l; 39X19 D 0.8 l; 42X5 D, 0.37 L; 59X29 d, 0.87 mid; 74X33 d, 1.4 l; 47X18 d, 0.59 l end",
5,377,ABAM,0,0,0,0,0,0,0,0,C,0,Y,3,0,COMPLETELY COMBUSTED,
5,378,PSME,26.94438717,35.696713,40,3.07,0,0,0,100,P,0,Y,2,1,"SIX PIECES: 33x22 DIAM, 0.58 LENGTH; 37x32, 0.43 LENGTH; 37x39 DIAM, 0.4 LENGTH; 36x31 DIAM, 0.46 LENGTH; 35x38 DIAM, 0.42 LENGTH; 40 DIAM, 0.78 LENGTH",
5,379,PSME,32,32.93933818,30.98386677,5.36,0,0,0,90,P,1.7,N,0,0,"TWO PIECES: 32, 35x31, 35x26 DIAM, 3.26 LENGTH; 38x36,32x30 DIAMS, 2.1 LENGTH",
5,380,PSME,32.93933818,35.77708764,14,3.31,0,0,0,100,P,0,Y,1,1,"FIVE PIECES: 35x31 d, 0.37 L; 27x25 D, 0.64 L; 40x32 D, 0.88 L; 42x 30 D, 0.75 L; 14 D 0.67 L",
5,381,TSHE,20.71231518,38.57460304,8.94427191,2.3,0,0,0,100,P,0,Y,1,1,"SIX PIECES: 33x13 D, 0.43; 28x20 D, 0.42 L; 22x10 D, 0.43 l; 48x31 D, 0.48 L; 42x33 D, 0.54 L; 10x8 D, 0.45 L",
5,382,THPL,30,31,34,2.82,0,0,0,100,P,0,Y,2,1,FIVE PIECES:,
5,383,ABAM,0,0,0,0,0,0,0,0,C,0,N,0,0,COMPLETELY COMBUSTED,
5,384,THPL,14.83239697,16.1245155,48,2.36,0,0,0,100,P,0.5,N,0,0,"TWO PIECES, ONE HOLLOW: 22x10, 26x10 D, 1.5 L; 48-34 D, 0.86 L",
5,385,TSHE,18.76166304,21.62828023,24.49489743,1.21,0,0,0,95,P,0,Y,1,1,"TWO PIECES: 22x16 D, 0.8 L; 40x15 D, 0.44 L",
5,386,PSME,32.64965543,42,42.26109322,3.15,0,0,0,100,P,1.55,Y,1,1,ONE PIECE,
5,387,THPL,33,37,40,5.46,0,0,0,100,P,4.96,N,0,0,"TWO PIECES, ONE HOLLOW: 33, 37 D, 4.65 L; 40-28 D, 0.81 L",
5,388,TSHE,0,0,0,0,0,0,0,0,C,0,Y,1,0,COMPLETELY COMBUSTED,
5,389,THPL,35,39,46,5.35,0,0,0,100,P,5,N,0,0,,
5,390,ABAM,5,23.06512519,6,2.96,0,0,0,100,P,2.2,N,0,0,RESINY CORE LEFT,
5,391,PSME,42.44997055,29.39387691,40,5.45,0,0,0,100,P,2.76,N,0,0,"THREE PARTS: 34x53 D,2.18 l, 32x27 D, 1.1 L; 40 D, 2.17 L",
5,392,TSHE,32.984845,23.91652149,20.61552813,3.67,0,0,0,100,P,0,N,0,0,"TWO PARTS: 34x32, 46x36 D, 1.63 L; 25x17, 26x22 D, 2.04 L",
5,393,ABAM,0,0,0,0,0,0,0,0,C,0,N,0,0,COMPLETELY COMBUSTED,
5,394,ABAM,27.22131518,27.22131518,27.22131518,0.56,0,0,0,90,P,0,Y,1,1,ONE PIECE,
5,395,TSHE,34.2928564,14.4222051,30.7408523,4.55,0,0,0,100,P,0,Y,1,1,"THREE PIECES: 56x21 D 1.97 L; 16x13 D, 0.6 L; 35x27, 19*17 DS, 1.98 L",
5,396,TSHE,20.90454496,19.59591794,18.70828693,3,0,0,0,95,P,1,N,0,0,,
5,397,THPL,38.98717738,39.49683532,28.28427125,5.4,0,0,0,97,P,2.7,N,0,0,,
5,398,TSHE,19.89974874,24.91987159,16.91153453,5.57,0,0,0,90,P,0.5,Y,2,1,"FOUR PIECES: 22x18, 27x35, 35x24 D, 3.02; 24x17, 29x26 D, 1.03; 27x23 D, 0.97 L; 22x13 D, 0.55 L",
5,399,PSME,35.32704347,23.32380758,20.61552813,1.76,0,0,0,100,P,0,Y,2,1,"THREE PIECES: 39x32 D, 0.42 L; 34x16 D, 0.94 L; 25x17 D. 0.4 L",
5,400,ABAM,0,0,0,0,0,0,0,0,C,0,N,0,0,COMPLETELY COMBUSTED,
5,401,ABAM,0,0,0,0,0,0,0,0,C,0,Y,0,0,COMPLETELY COMBUSTED,
5,402,PSME,10.09950494,43.4281015,36.66060556,5.5,0,0,0,95,P,2.25,N,0,0,,
5,403,PSME,37.98683983,30,40,1.93,0,0,0,100,P,0.5,Y,1,1,"THREE PIECES: 39x37 D, 21.25 L; 30 D, 0.33 L; 40 D, 0.35 L",
5,404,TSHE,0,0,0,0,0,0,0,0,C,0,N,0,0,COMPLETELY COMBUSTED,
5,405,ABAM,0,0,0,0,0,0,0,0,C,0,N,0,0,COMPLETELY COMBUSTED,
5,406,TSHE,25.98076211,28.28427125,27.96426291,5.5,0,0,0,10,P,2.3,N,0,0,,
5,407,PSME,23.4520788,29.93325909,35,5.3,0,0,0,100,P,0,N,0,0,,
5,408,TSHE,26.15339366,18.77757396,11.40175425,1.05,0,0,0,90,P,0,Y,2,1,ONE PIECE,
5,409,ABAM,0,0,0,0,0,0,0,0,C,0,N,0,0,COMPLETELY COMBUSTED,
5,410,TSHE,33.9411255,33.9411255,33.9411255,1.2,0,0,0,90,P,0,N,0,0,,
5,411,ABAM,0,0,0,0,0,0,0,0,C,0,N,0,0,COMPLETELY COMBUSTED,
5,412,TSHE,44.02272141,44.02272141,23.64318084,1.31,0,0,0,95,P,0,Y,2,0,"TWO PIECES: 57x34 D, 0.82; 43x13, 0.49 L",
5,413,TSHE,18.89444363,15.4680191,12.04159458,3.95,0,0,0,90,P,0,N,0,0,"TWO PIECES: 21*17 D, 2.9 D; 29x5 D, 1.05",
5,414,TSHE,25.03996805,25.03996805,25.03996805,0.82,0,0,0,100,P,0,Y,1,1,ONE PIECE,
5,415,PSME,46.95742753,39.67948339,39.79949748,3.47,0,0,0,100,P,0.9,Y,1,1,"FOUR PIECES: 49x45 D, 1.05 L; 36 D, 1.2 L; 47x40 D, 0.66 L; 44x36 D, 0.76 L",
5,416,TSHE,24.8997992,9.539392014,52.15361924,2.82,0,0,0,100,P,0,Y,1,1,"THREE PIECES: 31x20 D, 0.84 L; 13x7 D, 0.6 L; 16x17 D, 1.38 l",
5,417,ABAM,0,0,0,0,0,0,0,0,C,0,Y,1,0,COMPLETELY COMBUSTED,
5,418,PSME,46.36809248,17.97220076,48.37354649,5.2,0,0,0,100,P,3.18,N,0,0,,
5,419,TSHE,38.66522986,38.66522986,38.66522986,1.5,,0,0,90,P,0,N,0,0,,
5,420,TSHE,44.69899328,38.17066937,20.1246118,3.32,,0,0,95,P,0,Y,1,1,"TWO PIECES: 54x37, 47x34, 47x31 D, 2.0 L; 27x15 D, 0.62 L",
5,421,THPL,33.9411255,18.30828914,32.75667871,2.47,0,0,0,100,P,0,Y,1,1,"FOUR PIECES: 36x32 D, 0.8 L'22x2 D, 0.49 L; 31x29 D, 0.56 L; 37x29D, 0.62 L",
5,422,TSHE,34.87119155,35.7211422,35.32704347,5.45,0,0,0,95,P,0.85,N,0,0,,
5,423,PSME,39.47150871,42,27.20294102,5.5,0,0,0,97,P,3.6,N,0,0,,
5,424,PSME,30.19933774,34.50180178,46,3.62,0,0,0,95,P,0,Y,2,1,"FOUR PIECES: 38x24 D,0.29; 45x39 D, 1.2 L; 35x21 D, 1.09 L; 46 D, 1.04 L",
5,425,PSME,31.60696126,36.66060556,40.348482,5.44,0,0,0,95,P,1.7,N,0,0,,
5,426,TSHE,7,7,7,0.78,,0,0,100,P,0,N,0,0,,
5,427,THPL,32.40370349,51,26.92582404,1.65,0,0,0,100,P,0,Y,2,1,"THREE PIECES, ONE HOLLOW: 535x30, D 0.74 L; 51-26 D, 0.57 L; 29*25 D 0.34 L",
5,428,PSME,33,31,10.81665383,4.23,0,0,0,100,P,0.74,N,0,0,"TWO PIECES 33, 31 D, 2.68 L; 13x9, 1.55 L",
5,429,TSHE,12,26.83281573,33.27160952,4.2,0,0,0,100,p,1.4,N,0,0,,
5,430,TSHE,16.88194302,7.071067812,18.16590212,2.76,0,0,0,100,p,0,N,0,0,"THREE PIECES: 19x15 D, 1 L; 10x5 D, 0.41 L; 33x10 D, 1.35 L",
5,431,PSME,31,42,44,5.5,0,0,0,97,P,1.5,N,0,0,,
5,432,THPL,33,28.37252192,8.062257748,1.68,0,0,0,100,P,0,Y,1,1,"FOUR PIECES, ONE HOLLOW: 33 D, 0.64 L; 37-22 D, 0.51 L; 23x35, 0.12 L; 13 x5 D 0.41 L",
5,433,PSME,43,46,52,5.47,0,0,10,100,P,1.5,N,0,0,,
5,434,ABAM,0,0,0,0,0,0,0,0,C,0,Y,1,1,COMPLETELY COMBUSTED,
5,435,THPL,23.06512519,19.47837183,26.26785107,4.07,0,0,0,100,P,0,Y,2,1,"SIX PIECES: 38x14 D, 0.97 L; 19x36 D, 0.41 L; 25x14 D, 0.3 L; 41x10 D, 0.41 L; 21x11 D, 0.54 L; 46x15 D 1.44 L",
5,436,PSME,23.08679276,27.96426291,40,4.61,0,0,5,97,P,0.49,Y,1,1,"SEVEN PIECES: 41x13 D, 0.44 L; 56x16 D, 0.74 L; 32 D, 0.5 L; 33x35 D, 0.32 L; 34x23 D, 0.32 L; 34x23 D, 0.43 L; 36 D 1.41, L; 40 D 0.77 L",
5,437,PSME,28,34.49637662,51,5.45,0,0,20,100,P,2.7,N,0,0,,
5,438,THPL,41.42463035,23.55843798,41,2.87,0,0,0,95,P,0,Y,2,1,"SEVEN PIECES: 52x33 D, 0.66 L; 40x15 D, 0.41 L; 37x15 D, 0.28 L; 37x15D, 0.56 L; 34x14 D, 0.46 L; 44 D, 0.5 L",
5,439,THPL,45,40.42276586,46,5.5,0,0,0,100,P,4.8,N,0,0,,
5,440,ABAM,0,0,0,0,0,0,0,0,C,0,Y,1,1,COMPLETELY COMBUSTED,
5,441,ABAM,9,3,2,0.44,0,0,0,0,P,0,Y,1,1,,
5,442,THPL,0,0,0,0,0,0,0,0,C,0,Y,1,1,COMPLETELY COMBUSTED,
5,443,THPL,39.88734135,40,20.0748599,3.72,0,0,0,100,P,1.5,Y,1,1,"FIVE PIECES: 43x37 D,0.1 L; 41 D, 0.59 L; 40 D 1.05 L; 39 D, 1.2 L; 31x13 D, 0.78 L",
5,444,TSHE,24,23,30,3.28,0,0,0,100,P,0,N,0,0,"TWO PIECES: 24, 19 D, 1.45 L; 27, 30 D, 1.83 L",
5,445,TSHE,34,24,30,5.5,0,0,0,100,P,1.65,N,0,0,,
5,446,THPL,23.06512519,30.01666204,25.37715508,4.45,0,0,0,100,P,0,Y,1,1,"SEVEN PIECES, ONE HOLLOW: 38x14 D, 0.46 L; 21X9 D, 0.22 L; 46x9 D, 0.64 L; 53x17 D 1.05 L; 48x15 D 0.71 L; 46x14 D 1.14 L; 46-21 D, 0.19 L",
5,447,PSME,34,40,42,5.45,0,0,0,95,P,4.1,N,0,0,,
5,448,PSME,30,32,35,5.18,0,0,0,97,P,1.8,N,0,0,,
5,449,PSME,35,33,30,5.5,0,0,0,100,P,2.44,N,0,0,,
5,450,PSME,37,39,38,5.5,0,0,0,95,P,2.6,N,0,0,,
5,451,ABAM,0,0,0,0,0,0,0,0,C,0,N,0,0,COMPLETELY COMBUSTED,
5,452,ABAM,0,0,0,0,0,0,0,0,C,0,Y,1,1,COMPLETELY COMBUSTED,
5,453,TSHE,36.27671429,36.27671429,11,1.42,0,0,0,90,P,0,Y,2,1,"TWO PIECES: 47x28 D, 0.96 L; 11 D, 0.46 L; FALLING APPART",
5,454,PSME,31.30495168,35,31.17691454,2.69,0,0,0,100,P,0,Y,2,1,"FIVE PIECES: 35x28 DIAM, 0.51 LENGTH;30x27 DIAM, 0.98 LENGTH; 35 DIAM, 0.33 LENGTH; 31x30 DIAM, 0.31 LENGTH; 36x27 DIAM, 0.36 LENGTH",
5,455,PSME,34,33,31,5.5,0,0,0,100,P,1.6,N,0,0,,
5,456,THPL,56,48,55,5.47,0,0,0,100,P,2.4,N,0,0,,
4,265,TSHE,34.2928564,34.2928564,34.2928564,1.84,0,0,0,100,P,0,N,0,0,"NOTE JUST ONE DIAMETER SET MEASURED: 21x56 D, 1.84 L",
4,266,PSME,28.37252192,27.16615541,7.483314774,2.64,0,0,0,90,P,0,N,0,0,"TWO SECTIONS MEASURED: 35X23, 44X 18 D, 1.97 L; 14X4 D, 0.67 L",
4,267,PSME,0,0,0,0,0,0,0,0,C,0,Y,0,0,COMPLETELY COMBUSTED,
4,268,THPL,33.27160952,34.87119155,28.98275349,4.95,0,0,0,90,P,2.3,N,0,0,,
4,269,PSME,0,0,0,0,0,0,0,0,C,0,Y,0,0,COMPLETELY COMBUSTED,
4,270,ABAM,0,0,0,0,0,0,0,0,C,0,Y,0,0,COMPLETELY COMBUSTED,
4,271,TSHE,0,0,0,0,0,0,0,0,C,0,N,0,0,COMPLETELY COMBUSTED,
4,272,THPL,34.7706773,22.627417,30.49590136,2.32,0,0,0,100,P,0,Y,1,2,"THREE PIECES: 39X31 D, 0.9 L; 36-28 D HOLLOW, 0.52 ; 30x31 D, 0.9 LL",
4,273,PSME,24.39262184,32.75667871,35,3.22,0,0,0,100,P,0.66,Y,1,1,"FOUR PIECES: 35X17 D,0.8 L; 37X29 D, 0.76 L; 34X32 D, 0.85 L; 35 D, 0.81 L",
4,274,TSHE,0,0,0,0,0,0,0,0,C,0,N,0,0,COMPLETELY COMBUSTED,
4,275,THPL,36.98648402,31.68414797,26.38181192,1.22,0,0,0,100,P,0,Y,1,1,"TWO PIECES: 36X39D, 0.45 L; 35-23 D HOLLOW, 0.77 L",
4,276,TSHE,0,0,0,0,0,0,0,0,C,0,N,0,0,COMPLETELY COMBUSTED,
4,277,PSME,36.78314832,29.29163703,30.39736831,4.21,0,0,0,100,P,1.94,Y,1,1,"FIVE PIECES: 41X33 D, 1.32 L END;32X27 D, 0.62 L; 28X20 D, 0.62 L; 33X26 D, 0.49 L",
4,278,PSME,36.46916506,38.49675311,33.04542328,5,0,0,0,100,P,2.85,N,0,0,,
4,279,PSME,40,38,37,5.5,0,0,0,90,P,5,N,0,0,,
4,280,PSME,36.22154055,37,17.32050808,4.14,0,0,0,97,P,0.2,Y,1,1,"SIX PIECES: 41X32 D, 0.43 L END; 38X40 D, 1.1 L; 38X25 D, 0.53 L; 36X37 D, 0.74 L MID; 37 D, 1.03 L MID; 20X15 D, 0.31 L END",
4,281,THPL,43.35896678,47.63808476,46.9893605,3.04,0,0,0,100,P,0,Y,3,1,"SEVEN PIECES: 40X47D,0.33 L END;48X46 D, 0.33 L END; 48X43 D, 0.41 L; 43X55 D, 0.46 L; 45X44 D, 0.45 L; 46X52 D, 0.51 L MID; 50X43 D, 0.55 L MID",
4,282,TSHE,35.4964787,48.74423043,32.12475681,5.45,0,0,0,100,P,1,N,0,0,,
4,283,TSHE,41.02438299,37.86154307,34.69870315,1.51,0,0,0,100,P,0,Y,1,1,"TWO PIECES FOUND, NOT SURE ON OTHERS: 51x33 D, 0.88 L; 43X28, 0.63 L",
4,284,TSHE,26.11512971,29.79206594,42.98837052,2.25,0,0,0,95,P,0,Y,2,1,"THREE PIECES: 31x22, 0.34 L; 36X30, 56X33 D, 1.35 L; 42X17D,0.56 L",
4,285,TSHE,22.58317958,18.87446523,15.16575089,0.81,0,0,0,100,P,0,N,0,0,"TWO PIECES: 30X13 D, 0.58 L; 23X10 D, 0.23 L",
4,286,THPL,14.69693846,14.69693846,14.69693846,1.91,0,0,0,100,P,0,N,0,0,,
4,287,TSHE,0,0,0,0,0,0,0,0,C,0,N,0,0,COMPLETELY COMBUSTED,
4,288,PSME,44.98888752,42.47352116,41.25530269,5.5,0,0,0,100,P,1.9,N,0,0,,
4,289,TSHE,0,0,0,0,0,0,0,0,C,0,Y,0,0,COMPLETELY COMBUSTED,
4,290,ABAM,0,0,0,0,0,0,0,0,C,0,N,0,0,COMPLETELY COMBUSTED,
4,291,TSHE,14.83239697,26.2297541,14.14213562,1.94,0,0,0,100,P,0,N,0,0,,
4,292,ABAM,5,5,5,0.6,0,0,0,100,P,0,N,0,0,ONE DIAMETER AT MID-LENGTH TAKEN,
4,293,TSHE,7.483314774,7.483314774,7.483314774,0.3,0,0,0,100,P,0,Y,1,0,"ONE SMALL PIECE, MEASURED AT MID-LENGTH",
4,294,TSHE,0,0,0,0,0,0,0,0,C,0,N,0,0,COMPLETELY COMBUSTED,
4,295,ABAM,0,0,0,0,0,0,0,0,C,0,Y,0,0,COMPLETELY COMBUSTED,
4,296,ABAM,0,0,0,0,0,0,0,0,C,0,Y,0,0,COMPLETELY COMBUSTED,
4,297,ABAM,0,0,0,0,0,0,0,0,C,0,Y,0,0,COMPLETELY COMBUSTED,
4,298,PSME,30,33.49626845,35.41186242,5.5,0,0,0,95,P,2.9,N,0,0,,
4,299,TSHE,27.38612788,33.49626845,25.82634314,5.17,0,0,0,97,P,2,N,0,0,,
4,300,THPL,20.49390153,37.09447398,45.37620522,3.14,0,0,0,100,P,0,Y,1,1,"SIX PIECES: 37X27 D, 0.48 L; 70X6 D, 0.58 L END; 19X2 D, 0.52 L; 50-21 D HOLLOW, 0.86 L END; 43X32 D, 0.5 L MID; 40X23 D, 0.72 L",
4,301,ABAM,0,0,0,0,0,0,0,0,C,0,N,0,0,COMPLETELY COMBUSTED,
4,302,PSME,29.39387691,31.93743885,16.73320053,4.6,0,0,0,100,P,4.1,N,0,0,,
4,303,PSME,48.98979486,37.88139385,35.87478223,5.37,0,0,0,100,P,3.02,N,0,0,,
4,304,TSHE,0,0,0,0,0,0,0,0,C,0,Y,0,0,COMPLETELY COMBUSTED,
4,305,THPL,27.92848009,16.91153453,27.71281292,1.08,0,0,0,100,P,0,Y,2,1,"THREE PIECES: 30x26 D, 0.55 L; 22X13 D, 0.21 L; 32X24 D, 0.32 L",
4,306,TSHE,0,0,0,0,0,0,0,0,C,0,N,0,0,COMPLETELY COMBUSTED,
4,307,THPL,8.485281374,28.23930565,11.53256259,4.42,0,0,0,100,P,0,N,0,0,"SEVEN PIECES: 9X8 D, 0.57 L END; 28X12 D, 0.66 L; 19X7 D 0.72 L END; 4 D, 0.52 L; 31X29D, 27X26 D, 1.7 L; 17X5 D, 0.77 L",
4,308,TSHE,18.49324201,11.98523379,5.477225575,1.35,0,0,0,100,P,0,N,0,0,,
4,309,PSME,36,27,15,5.24,0,0,0,95,P,2.8,N,0,0,,
4,310,TSHE,23.87467277,32.03352489,23.06512519,3.04,0,0,0,95,P,0,Y,1,1,"FOUR PIECES: 38X15 D, 0.,85 L; 35X17 D, 0.71 L; 38X40 D, 0.84 L; 28X19 D, 0.64 L",
4,311,PSME,0,0,0,0,0,0,0,0,C,0,Y,0,0,COMPLETELY COMBUSTED,
4,312,PSME,0,0,0,0,0,0,0,0,C,0,Y,0,0,COMPLETELY COMBUSTED,
4,313,TSHE,30,30,30,1.03,0,0,0,100,P,0,N,0,0,,
4,314,PSME,37,36,25.22953022,5.5,0,0,0,97,P,2.06,N,0,0,"MEASURED AS TWO PARTS: 37, 36, 29X26 D'S, 5.18 L; 23 D, 0.32 L",
4,315,ABAM,0,0,0,0,0,0,0,0,C,0,N,0,0,COMPLETELY COMBUSTED,
4,316,PSME,40.24922359,34,34,5.5,0,0,0,95,P,2.35,N,0,0,,
4,317,PSME,19.18332609,27.45906044,22.97825059,3.18,0,0,0,90,P,0.75,N,0,0,"MEASURED AS FIVE PARTS: 23X16 D, 0.65L; 29X26 D, 1.03 L; 20X19 D, 0.32 L; 9X8 D 0.44 L; 33X16 D, 0.73 L",
4,318,PSME,42,41.95235393,43.01162634,5.47,0,0,0,95,P,2.7,N,0,0,,
4,319,TSHE,0,0,0,0,0,0,0,0,C,0,Y,0,0,COMPLETELY COMBUSTED,
4,320,TSHE,0,0,0,0,0,0,0,0,C,0,Y,0,0,COMPLETELY COMBUSTED,
4,321,PSME,24,28.46049894,25.37715508,3.12,0,0,0,95,P,1,N,0,0,,
4,322,ABAM,0,0,0,0,0,0,0,,C,,Y,0,0,,
4,323,ABAM,8.660254038,23.49194389,22.44994432,3.11,0,0,0,100,P,0,N,0,0,"MEASURED IN FOUR PARTS: 38X21 D, 0.67L MID; 25X3 D, 0.45 L; 48X21, 39X9 D, 1.44; 28X18, 0.55 L",
4,324,PSME,37.41657387,35.5,34.87119155,3.65,0,0,0,95,P,0.74,Y,1,1,"FIVE PIECES: 35X40 D, 0.75 L END; 40 D, 0.64 L; 35X36 D,0.65 L MID; 40X35 D,1.19 L; 32X 38 D, 0.42 L",
4,325,ABAM,0,0,0,0,0,0,0,0,C,0,N,0,0,COMPLETELY COMBUSTED,
4,326,ABAM,0,0,0,0,0,0,0,,P,0,Y,0,0,COMPLETELY COMBUSTED,
4,327,THPL,16.45114428,25.29620668,26.63213854,2.96,0,0,0,100,P,0.62,N,0,0,"MEASURED AS 5 PARTS: 43X14,10X7 D,1.03 L END; 7 D, 0.52 L; 17X7 D +23X9 D, 0.46 L MID; 35X38. 18X38 D'S, 0.95 L",
4,328,ABAM,0,0,0,0,0,0,0,0,C,0,N,0,0,COMPLETELY COMBUSTED,
4,329,THPL,40.348482,36,14.4222051,1.75,0,0,0,100,P,0.1,Y,1,1,,
4,330,THPL,35.98610843,29.37319161,23.47338919,4.58,0,0,0,100,P,0.96,Y,1,1,"SIX PIECES: 36X37 D,1.2 L END; 19X29 D, 0.93 END; 32X15 D, 0.63 L; 39X41 -8 D'S, 0.5L ; 41-18 D, 0.71, 39X14 D, 0.61 L",
4,331,THPL,51,48,52,5.5,0,0,0,,P,2.8,N,0,0,5 % COVER MOSS GROWTH AFTER FIRE,
4,332,THPL,51,49,47,5.43,0,0,0,,P,3,N,0,0,,
4,333,TSHE,16,23.4520788,6.92820323,4.62,0,0,0,,P,0.2,N,0,0,,
4,334,TSHE,0,0,0,0,0,0,0,,P,0,Y,1,1,COMPLETELY COMBUSTED,
4,335,PSME,26,25,26,2.68,0,0,0,,P,0.5,N,0,0,,
4,336,TSHE,0,0,0,0,0,0,0,0,C,0,N,0,0,COMPLETELY COMBUSTED,
4,337,PSME,41,42.95346319,43.26661531,5.4,0,0,0,100,P,2,N,0,0,,
4,338,TSHE,26.2297541,11.3137085,23.87467277,2.64,0,0,0,100,P,0,Y,1,1,,
4,339,THPL,37.49666652,43.47413024,35,2.64,0,0,0,,P,100,Y,1,1,"FIVE SECTIONS: 38X37 D, 0.24 END; 35, (42-19)D,0.98 L; 42 D, 0.71 L; 45 D, 0.71 L",
4,340,TSHE,0,0,0,0,0,0,0,0,C,0,N,0,0,COMPLETELY COMBUSTED,
4,341,THPL,35.32704347,26,23.97915762,5.42,0,0,0,,P,2.9,N,0,0,,
4,342,ABAM,0,0,0,0,0,0,0,0,C,0,N,0,0,COMPLETELY COMBUSTED,
4,343,PSME,37.94733192,39.79949748,40.348482,5.45,0,0,5,95,P,0.5,N,0,0,,
4,344,ABAM,12,13.07669683,7,0.92,0,0,0,,P,0,Y,2,1,,
4,345,PSME,26.45751311,28,34.07345007,5.45,0,0,0,95,P,2.55,N,0,0,,
4,346,ABAM,0,0,0,0,0,0,0,0,C,0,Y,0,0,COMPLETELY COMBUSTED,
4,347,TSHE,29.66479395,33.9411255,34.3220046,1.6,0,0,0,100,P,,N,0,0,,
4,348,PSME,42,17.58969346,23.36664289,5.4,0,0,0,100,P,4.4,N,0,0,"MEASURED IN TWO PARTS: 42 D, 0.9 L; 22X10,18X23, 21X26 D, 4.5 L",
4,349,THPL,46,34.97914855,23.9582971,1.97,0,0,0,100,P,0,Y,1,1,,
4,350,TSHE,0,0,0,0,0,0,0,0,C,0,Y,0,0,COMPLETELY COMBUSTED,
4,351,TSHE,11.61895004,27.38612788,31.44837039,4.2,0,0,0,95,P,0.3,N,0,0,,
4,352,TSHE,0,0,0,0,0,0,0,0,C,0,N,0,0,COMPLETELY COMBUSTED,
4,353,PSME,39.94996871,34.93739111,31,5.06,0,0,0,90,P,0,Y,1,1,"SIX PIECES: 38X42 D, 1.1 L; 38X36 D, 0.8 L; 31 D, 1.05 L; 39X33 D, 0.88L ; 34 D, 0.71 L; 34X23 D, 0.52 L",
4,354,PSME,40.348482,39.11500556,40.95119046,4.32,0,0,0,90,P,0,Y,2,1,"SIX PIECES: 37X41 D, 1.03 END; 39X43 D, 1.118 END; 33 D 0.56 L; 38X40 D, 0.52 L; 35X40 D, 0.52 L MID; 35X44 D,0.6 L MID; 33X27 D, 0.43 L",
4,355,PSME,38,36,32.984845,5.5,0,0,0,95,P,3.7,N,0,0,,
4,356,ABAM,0,0,0,0,0,0,0,0,C,0,N,0,0,COMPLETELY COMBUSTED,
4,357,PSME,58.92367945,49.43682838,48.47679857,5.52,0,0,65,100,P,0.1,N,0,0,,
4,358,TSHE,25.45584412,26.07680962,67.34983296,2.63,0,0,0,90,P,0,N,0,0,,
4,359,THPL,41.49698784,41.95235393,37,5.4,0,0,0,100,P,4.4,N,0,0,,
4,360,THPL,44.82186966,38,33.98529094,5.3,0,0,0,100,P,0.8,N,0,0,,
4,900,ABAM,0,0,0,0,0,0,0,0,C,0,Y,0,0,COMPLETELY COMBUSTED,
