DBCODE,ENTITY,SITECODE,SITE,LOG_SPECIES,SUBTYPE,EQN_FORM,N_OBS,DECAY_RATE,DECAY_RATE_SE,INTERCEPT,INTERCEPT_SE,INTERCEPT_FORCED,DECAY_RATE_PV,INTERCEPT_PV,LAG,LAG_SE,LAG_PV,R_SQUARED,OVERALL_PV,DECAY_LAG_CORR,DECAY_INTERCEPT_CORR,P1T0,P1T0_SE,DECAY_RATE_K1,DECAY_RATE_K1_SE,DECAY_RATE_K2,DECAY_RATE_K2_SE,K1_K2_CORR,K1_P1T0_CORR
TD014,21,"TD014_ALL",A,ABAM,H,"LAG",14,0.055,0.009,1.00,,Y,0.0000,,1.46,0.22,0.0000,0.9525,H,0.9428,,,,,,,,,
TD014,21,"TD014_ALL",A,ABAM,H,"SINGLE",14,0.043,0.003,1.07,0.03,N,0.0000,0.0448,,,,0.9613,H,,-0.7403,,,,,,,,
TD014,21,"TD014_ALL",A,ABAM,O,"DUAL",14,,,1.00,,Y,,,,,,0.8747,H,,,0.61,134.39,0.056,2.193,0.038,2.769,0.9988,-0.9997
TD014,21,"TD014_ALL",A,ABAM,O,"LAG",14,0.033,0.009,1.00,,Y,0.0051,,0.77,0.15,0.0003,0.5018,H,0.9448,,,,,,,,,
TD014,21,"TD014_ALL",A,ABAM,O,"SINGLE",14,0.050,0.006,1.01,0.07,N,0.0000,0.8676,,,,0.8681,H,,-0.7403,,,,,,,,
TD014,21,"TD014_ALL",A,ABAM,S,"LAG",14,0.069,0.010,1.00,,Y,0.0000,,1.15,0.16,0.0000,0.9687,H,0.9376,,,,,,,,,
TD014,21,"TD014_ALL",A,ABAM,S,"SINGLE",14,0.069,0.004,1.07,0.05,N,0.0000,0.2058,,,,0.9563,H,,-0.7403,,,,,,,,
TD014,21,"TD014_ALL",A,ABAM,X,"LAG",14,0.055,0.006,1.00,,Y,0.0000,,1.18,0.12,0.0000,0.9765,H,0.9399,,,,,,,,,
TD014,21,"TD014_ALL",A,ABAM,X,"SINGLE",14,0.054,0.002,1.06,0.03,N,0.0000,0.0849,,,,0.9272,H,,-0.7403,,,,,,,,
TD014,21,"TD014_ALL",A,PSME,H,"LAG",14,0.015,0.006,1.00,,Y,0.0209,,1.51,0.36,0.0015,0.8779,H,0.9757,,,,,,,,,
TD014,21,"TD014_ALL",A,PSME,H,"SINGLE",14,0.008,0.001,1.01,0.01,N,0.0000,0.3226,,,,0.8092,H,,-0.7403,,,,,,,,
TD014,21,"TD014_ALL",A,PSME,I,"LAG",14,0.082,0.011,1.00,,Y,0.0000,,1.08,0.14,0.0000,0.9696,H,0.9363,,,,,,,,,
TD014,21,"TD014_ALL",A,PSME,I,"SINGLE",14,0.072,0.003,0.98,0.04,N,0.0000,0.5301,,,,0.9768,H,,-0.7403,,,,,,,,
TD014,21,"TD014_ALL",A,PSME,O,"LAG",14,0.025,0.008,1.00,,Y,0.0092,,1.46,0.35,0.0017,0.9039,H,0.9630,,,,,,,,,
TD014,21,"TD014_ALL",A,PSME,O,"SINGLE",14,0.018,0.002,1.04,0.03,N,0.0000,0.2167,,,,0.8365,H,,-0.7403,,,,,,,,
TD014,21,"TD014_ALL",A,PSME,S,"LAG",14,0.043,0.006,1.00,,Y,0.0000,,1.19,0.15,0.0000,0.9685,H,0.9448,,,,,,,,,
TD014,21,"TD014_ALL",A,PSME,S,"SINGLE",14,0.041,0.003,1.06,0.04,N,0.0000,0.1408,,,,0.9419,H,,-0.7403,,,,,,,,
TD014,21,"TD014_ALL",A,PSME,X,"LAG",14,0.019,0.003,1.00,,Y,0.0001,,1.07,0.12,0.0000,0.9515,H,0.9630,,,,,,,,,
TD014,21,"TD014_ALL",A,PSME,X,"SINGLE",14,0.017,0.001,1.01,0.01,N,0.0000,0.5133,,,,0.9096,H,,-0.7403,,,,,,,,
TD014,21,"TD014_ALL",A,THPL,H,"LAG",14,0.002,0.003,1.00,,Y,0.4682,,0.98,0.41,0.0343,0.9604,H,0.9874,,,,,,,,,
TD014,21,"TD014_ALL",A,THPL,H,"SINGLE",14,0.003,0.001,1.00,0.01,N,0.0037,0.8474,,,,0.5185,H,,-0.7403,,,,,,,,
TD014,21,"TD014_ALL",A,THPL,I,"LAG",14,0.098,0.024,1.00,,Y,0.0020,,1.34,0.36,0.0035,0.8386,H,0.9390,,,,,,,,,
TD014,21,"TD014_ALL",A,THPL,I,"SINGLE",14,0.086,0.007,1.09,0.09,N,0.0000,0.3316,,,,0.9238,H,,-0.7403,,,,,,,,
TD014,21,"TD014_ALL",A,THPL,O,"LAG",14,0.083,0.009,1.00,,Y,0.0000,,5.20,1.01,0.0003,0.9747,H,0.9657,,,,,,,,,
TD014,21,"TD014_ALL",A,THPL,O,"SINGLE",14,0.032,0.004,1.16,0.05,N,0.0000,0.0126,,,,0.8239,H,,-0.7403,,,,,,,,
TD014,21,"TD014_ALL",A,THPL,S,"LAG",14,0.077,0.011,1.00,,Y,0.0000,,1.84,0.31,0.0001,0.8661,H,0.9422,,,,,,,,,
TD014,21,"TD014_ALL",A,THPL,S,"SINGLE",14,0.072,0.008,1.24,0.09,N,0.0000,0.0397,,,,0.8764,H,,-0.7403,,,,,,,,
TD014,21,"TD014_ALL",A,THPL,X,"LAG",14,0.016,0.003,1.00,,Y,0.0001,,1.26,0.13,0.0000,0.9606,H,0.9696,,,,,,,,,
TD014,21,"TD014_ALL",A,THPL,X,"SINGLE",14,0.012,0.001,1.02,0.01,N,0.0000,0.0358,,,,0.9326,H,,-0.7403,,,,,,,,
TD014,21,"TD014_ALL",A,TSHE,H,"LAG",14,0.046,0.005,1.00,,Y,0.0000,,1.85,0.23,0.0000,0.8161,H,0.9525,,,,,,,,,
TD014,21,"TD014_ALL",A,TSHE,H,"SINGLE",14,0.029,0.002,1.08,0.03,N,0.0000,0.0188,,,,0.9323,H,,-0.7403,,,,,,,,
TD014,21,"TD014_ALL",A,TSHE,I,"DUAL",14,,,1.00,,Y,,,,,,0.9723,H,,,0.88,3077.30,0.065,10.100,0.071,79.190,0.9999,0.9999
TD014,21,"TD014_ALL",A,TSHE,I,"LAG",14,0.071,0.010,1.00,,Y,0.0000,,1.09,0.14,0.0000,0.9575,H,0.9369,,,,,,,,,
TD014,21,"TD014_ALL",A,TSHE,I,"SINGLE",14,0.067,0.003,1.02,0.03,N,0.0000,0.4593,,,,0.9882,H,,-0.7403,,,,,,,,
TD014,21,"TD014_ALL",A,TSHE,O,"LAG",14,0.038,0.010,1.00,,Y,0.0032,,1.98,0.53,0.0031,0.9593,H,0.9607,,,,,,,,,
TD014,21,"TD014_ALL",A,TSHE,O,"SINGLE",14,0.021,0.002,1.06,0.03,N,0.0000,0.0411,,,,0.8738,H,,-0.7403,,,,,,,,
TD014,21,"TD014_ALL",A,TSHE,S,"LAG",14,0.043,0.006,1.00,,Y,0.0000,,1.18,0.13,0.0000,0.9665,H,0.9444,,,,,,,,,
TD014,21,"TD014_ALL",A,TSHE,S,"SINGLE",14,0.038,0.002,1.03,0.02,N,0.0000,0.1667,,,,0.9737,H,,-0.7403,,,,,,,,
TD014,21,"TD014_ALL",A,TSHE,X,"LAG",14,0.042,0.004,1.00,,Y,0.0000,,1.38,0.13,0.0000,0.9786,H,0.9475,,,,,,,,,
TD014,21,"TD014_ALL",A,TSHE,X,"SINGLE",14,0.034,0.002,1.06,0.02,N,0.0000,0.0197,,,,0.9253,H,,-0.7403,,,,,,,,
TD014,21,"TD014_HJA1",1,ABAM,H,"LAG",13,0.050,0.012,1.00,,Y,0.0020,,1.31,0.29,0.0011,0.9037,H,0.9345,,,,,,,,,
TD014,21,"TD014_HJA1",1,ABAM,H,"SINGLE",13,0.044,0.004,1.06,0.05,Y,0.0000,0.2769,,,,0.9118,H,,-0.7203,,,,,,,,
TD014,21,"TD014_HJA1",1,ABAM,O,"DUAL",13,,,1.00,,Y,,,,,,0.8502,H,,,0.16,0.15,0.631,1.251,0.044,0.015,0.6410,-0.8193
TD014,21,"TD014_HJA1",1,ABAM,O,"LAG",13,0.039,0.016,1.00,,Y,0.0338,,0.68,0.18,0.0043,0.8023,H,0.9352,,,,,,,,,
TD014,21,"TD014_HJA1",1,ABAM,O,"SINGLE",13,0.078,0.012,1.06,0.14,Y,0.0000,0.6703,,,,0.7980,H,,-0.7203,,,,,,,,
TD014,21,"TD014_HJA1",1,ABAM,S,"LAG",13,0.109,0.019,1.00,,Y,0.0002,,2.05,0.45,0.0010,0.9560,H,0.9375,,,,,,,,,
TD014,21,"TD014_HJA1",1,ABAM,S,"SINGLE",13,0.131,0.017,1.54,0.20,Y,0.0000,0.0519,,,,0.8487,H,,-0.7203,,,,,,,,
TD014,21,"TD014_HJA1",1,ABAM,X,"LAG",13,0.066,0.011,1.00,,Y,0.0001,,1.32,0.20,0.0001,0.9577,H,0.9311,,,,,,,,,
TD014,21,"TD014_HJA1",1,ABAM,X,"SINGLE",13,0.062,0.004,1.09,0.05,N,0.0000,0.0855,,,,0.9555,H,,-0.7203,,,,,,,,
TD014,21,"TD014_HJA1",1,PSME,H,"LAG",13,0.004,0.004,1.00,,Y,0.2984,,0.85,0.27,0.0111,0.6010,H,0.9804,,,,,,,,,
TD014,21,"TD014_HJA1",1,PSME,H,"SINGLE",13,0.006,0.001,0.99,0.01,Y,0.0009,0.5599,,,,0.6485,H,,-0.7203,,,,,,,,
TD014,21,"TD014_HJA1",1,PSME,I,"LAG",13,0.088,0.032,1.00,,Y,0.0195,,1.35,0.50,0.0227,0.8359,H,0.9339,,,,,,,,,
TD014,21,"TD014_HJA1",1,PSME,I,"SINGLE",13,0.067,0.007,1.01,0.09,Y,0.0000,0.9164,,,,0.8804,H,,-0.7203,,,,,,,,
TD014,21,"TD014_HJA1",1,PSME,O,"LAG",13,0.068,0.040,1.00,,Y,0.1189,,6.76,7.64,0.3970,0.4710,H,0.9829,,,,,,,,,
TD014,21,"TD014_HJA1",1,PSME,O,"SINGLE",13,0.011,0.004,1.05,0.05,Y,0.0202,0.3809,,,,0.4010,S,,-0.7203,,,,,,,,
TD014,21,"TD014_HJA1",1,PSME,S,"LAG",13,0.043,0.006,1.00,,Y,0.0000,,1.19,0.13,0.0000,0.9703,H,0.9366,,,,,,,,,
TD014,21,"TD014_HJA1",1,PSME,S,"SINGLE",13,0.041,0.002,1.04,0.03,Y,0.0000,0.1462,,,,0.9671,H,,-0.7203,,,,,,,,
TD014,21,"TD014_HJA1",1,PSME,X,"LAG",13,0.010,0.002,1.00,,Y,0.0020,,0.82,0.09,0.0000,0.9414,H,0.9670,,,,,,,,,
TD014,21,"TD014_HJA1",1,PSME,X,"SINGLE",13,0.013,0.001,0.98,0.01,N,0.0000,0.1612,,,,0.9403,H,,-0.7203,,,,,,,,
TD014,21,"TD014_HJA1",1,THPL,H,"LAG",13,0.004,0.010,1.00,,Y,0.7235,,0.99,0.94,0.3199,0.2318,H,0.9843,,,,,,,,,
TD014,21,"TD014_HJA1",1,THPL,H,"SINGLE",13,0.005,0.002,1.01,0.03,Y,0.0813,0.6624,,,,0.2508,M,,-0.7203,,,,,,,,
TD014,21,"TD014_HJA1",1,THPL,I,"LAG",13,0.066,0.027,1.00,,Y,0.0331,,1.55,0.66,0.0403,0.7656,H,0.9319,,,,,,,,,
TD014,21,"TD014_HJA1",1,THPL,I,"SINGLE",13,0.062,0.009,1.14,0.11,Y,0.0000,0.2583,,,,0.8043,H,,-0.7203,,,,,,,,
TD014,21,"TD014_HJA1",1,THPL,O,"LAG",13,0.095,0.036,1.00,,Y,0.0237,,7.45,6.22,0.2585,0.8213,H,0.9741,,,,,,,,,
TD014,21,"TD014_HJA1",1,THPL,O,"SINGLE",13,0.035,0.006,1.27,0.07,Y,0.0001,0.0078,,,,0.7540,H,,-0.7203,,,,,,,,
TD014,21,"TD014_HJA1",1,THPL,S,"LAG",13,0.094,0.029,1.00,,Y,0.0084,,3.78,1.97,0.0846,0.8590,H,0.9484,,,,,,,,,
TD014,21,"TD014_HJA1",1,THPL,S,"SINGLE",13,0.060,0.008,1.27,0.09,Y,0.0000,0.0273,,,,0.8403,H,,-0.7203,,,,,,,,
TD014,21,"TD014_HJA1",1,THPL,X,"LAG",13,0.022,0.010,1.00,,Y,0.0602,,1.66,0.61,0.0211,0.7742,M,0.9708,,,,,,,,,
TD014,21,"TD014_HJA1",1,THPL,X,"SINGLE",13,0.013,0.002,1.05,0.02,N,0.0000,0.0659,,,,0.7882,H,,-0.7203,,,,,,,,
TD014,21,"TD014_HJA1",1,TSHE,H,"LAG",13,0.019,0.005,1.00,,Y,0.0040,,1.07,0.18,0.0001,0.9060,H,0.9592,,,,,,,,,
TD014,21,"TD014_HJA1",1,TSHE,H,"SINGLE",13,0.017,0.001,1.01,0.02,Y,0.0000,0.6872,,,,0.9259,H,,-0.7203,,,,,,,,
TD014,21,"TD014_HJA1",1,TSHE,I,"LAG",13,0.085,0.039,1.00,,Y,0.0549,,1.32,0.62,0.0587,0.7502,H,0.9332,,,,,,,,,
TD014,21,"TD014_HJA1",1,TSHE,I,"SINGLE",13,0.060,0.008,0.98,0.10,Y,0.0000,0.8456,,,,0.8224,H,,-0.7203,,,,,,,,
TD014,21,"TD014_HJA1",1,TSHE,O,"DUAL",13,,,1.00,,Y,,,,,,0.7292,H,,,0.04,0.18,0.284,1.948,0.015,0.009,0.8346,-0.9309
TD014,21,"TD014_HJA1",1,TSHE,O,"LAG",13,0.013,0.008,1.00,,Y,0.1155,,0.86,0.26,0.0075,0.6972,H,0.9618,,,,,,,,,
TD014,21,"TD014_HJA1",1,TSHE,O,"SINGLE",13,0.016,0.003,0.98,0.03,Y,0.0001,0.6071,,,,0.7558,H,,-0.7203,,,,,,,,
TD014,21,"TD014_HJA1",1,TSHE,S,"LAG",13,0.035,0.006,1.00,,Y,0.0002,,1.10,0.15,0.0000,0.9502,H,0.9415,,,,,,,,,
TD014,21,"TD014_HJA1",1,TSHE,S,"SINGLE",13,0.032,0.002,1.02,0.02,Y,0.0000,0.4429,,,,0.9682,H,,-0.7203,,,,,,,,
TD014,21,"TD014_HJA1",1,TSHE,X,"LAG",13,0.030,0.004,1.00,,Y,0.0000,,1.12,0.10,0.0000,0.9772,H,0.9462,,,,,,,,,
TD014,21,"TD014_HJA1",1,TSHE,X,"SINGLE",13,0.027,0.001,1.02,0.01,N,0.0000,0.1439,,,,0.9846,H,,-0.7203,,,,,,,,
TD014,21,"TD014_HJA2",2,ABAM,H,"LAG",14,0.044,0.012,1.00,,Y,0.0042,,1.01,0.22,0.0009,0.8692,H,0.9419,,,,,,,,,
TD014,21,"TD014_HJA2",2,ABAM,H,"SINGLE",14,0.043,0.005,0.99,0.06,Y,0.0000,0.8470,,,,0.8570,H,,-0.7403,,,,,,,,
TD014,21,"TD014_HJA2",2,ABAM,O,"DUAL",14,,,1.00,,Y,,,,,,0.8315,H,,,0.18,2.10,0.145,1.013,0.041,0.084,0.9588,-0.9873
TD014,21,"TD014_HJA2",2,ABAM,O,"LAG",14,0.049,0.018,1.00,,Y,0.0229,,0.94,0.29,0.0075,0.8057,H,0.9394,,,,,,,,,
TD014,21,"TD014_HJA2",2,ABAM,O,"SINGLE",14,0.052,0.006,1.00,0.07,Y,0.0000,0.9793,,,,0.8585,H,,-0.7403,,,,,,,,
TD014,21,"TD014_HJA2",2,ABAM,S,"DUAL",14,,,1.00,,Y,,,,,,0.9436,H,,,0.23,1.27,0.176,0.548,0.057,0.062,0.9498,-0.9850
TD014,21,"TD014_HJA2",2,ABAM,S,"LAG",14,0.068,0.014,1.00,,Y,0.0006,,0.92,0.17,0.0002,0.9279,H,0.9355,,,,,,,,,
TD014,21,"TD014_HJA2",2,ABAM,S,"SINGLE",14,0.074,0.005,1.00,0.06,Y,0.0000,0.9995,,,,0.9404,H,,-0.7403,,,,,,,,
TD014,21,"TD014_HJA2",2,ABAM,X,"LAG",14,0.052,0.009,1.00,,Y,0.0002,,0.96,0.14,0.0000,0.9447,H,0.9388,,,,,,,,,
TD014,21,"TD014_HJA2",2,ABAM,X,"SINGLE",14,0.054,0.004,1.00,0.04,N,0.0000,0.9274,,,,0.9454,H,,-0.7403,,,,,,,,
TD014,21,"TD014_HJA2",2,PSME,H,"LAG",14,0.022,0.011,1.00,,Y,0.0602,,1.99,0.77,0.0249,0.7565,H,0.9767,,,,,,,,,
TD014,21,"TD014_HJA2",2,PSME,H,"SINGLE",14,0.010,0.001,1.05,0.02,Y,0.0000,0.0067,,,,0.8271,H,,-0.7403,,,,,,,,
TD014,21,"TD014_HJA2",2,PSME,I,"LAG",14,0.123,0.029,1.00,,Y,0.0013,,2.02,0.63,0.0081,0.9205,H,0.9453,,,,,,,,,
TD014,21,"TD014_HJA2",2,PSME,I,"SINGLE",14,0.088,0.006,1.15,0.07,Y,0.0000,0.0701,,,,0.9459,H,,-0.7403,,,,,,,,
TD014,21,"TD014_HJA2",2,PSME,O,"LAG",14,0.042,0.011,1.00,,Y,0.0031,,2.39,0.71,0.0060,0.8500,H,0.9641,,,,,,,,,
TD014,21,"TD014_HJA2",2,PSME,O,"SINGLE",14,0.019,0.003,1.06,0.03,Y,0.0000,0.1129,,,,0.8100,H,,-0.7403,,,,,,,,
TD014,21,"TD014_HJA2",2,PSME,S,"LAG",14,0.045,0.008,1.00,,Y,0.0001,,1.08,0.15,0.0000,0.9516,H,0.9422,,,,,,,,,
TD014,21,"TD014_HJA2",2,PSME,S,"SINGLE",14,0.043,0.002,1.02,0.03,Y,0.0000,0.4561,,,,0.9649,H,,-0.7403,,,,,,,,
TD014,21,"TD014_HJA2",2,PSME,X,"LAG",14,0.028,0.004,1.00,,Y,0.0000,,1.43,0.17,0.0000,0.9618,H,0.9595,,,,,,,,,
TD014,21,"TD014_HJA2",2,PSME,X,"SINGLE",14,0.020,0.001,1.04,0.01,N,0.0000,0.0037,,,,0.9697,H,,-0.7403,,,,,,,,
TD014,21,"TD014_HJA2",2,THPL,H,"LAG",14,0.022,0.025,1.00,,Y,0.4066,,3.02,3.08,0.3491,0.3717,H,0.9894,,,,,,,,,
TD014,21,"TD014_HJA2",2,THPL,H,"SINGLE",14,0.004,0.001,1.02,0.02,Y,0.0292,0.2313,,,,0.3381,S,,-0.7403,,,,,,,,
TD014,21,"TD014_HJA2",2,THPL,I,"LAG",14,0.167,0.051,1.00,,Y,0.0073,,1.93,0.81,0.0364,0.8691,H,0.9467,,,,,,,,,
TD014,21,"TD014_HJA2",2,THPL,I,"SINGLE",14,0.112,0.011,1.08,0.13,Y,0.0000,0.5849,,,,0.8983,H,,-0.7403,,,,,,,,
TD014,21,"TD014_HJA2",2,THPL,O,"LAG",14,0.072,0.025,1.00,,Y,0.0163,,3.64,1.99,0.0952,0.7784,H,0.9595,,,,,,,,,
TD014,21,"TD014_HJA2",2,THPL,O,"SINGLE",14,0.040,0.007,1.19,0.09,Y,0.0002,0.0777,,,,0.7063,H,,-0.7403,,,,,,,,
TD014,21,"TD014_HJA2",2,THPL,S,"LAG",14,0.093,0.016,1.00,,Y,0.0002,,1.94,0.42,0.0008,0.9429,H,0.9427,,,,,,,,,
TD014,21,"TD014_HJA2",2,THPL,S,"SINGLE",14,0.088,0.010,1.29,0.12,Y,0.0000,0.0469,,,,0.8741,H,,-0.7403,,,,,,,,
TD014,21,"TD014_HJA2",2,THPL,X,"LAG",14,0.025,0.005,1.00,,Y,0.0002,,1.60,0.23,0.0000,0.9390,H,0.9660,,,,,,,,,
TD014,21,"TD014_HJA2",2,THPL,X,"SINGLE",14,0.015,0.001,1.03,0.01,N,0.0000,0.0281,,,,0.9298,H,,-0.7403,,,,,,,,
TD014,21,"TD014_HJA2",2,TSHE,H,"LAG",14,0.052,0.010,1.00,,Y,0.0004,,1.84,0.39,0.0006,0.9122,H,0.9486,,,,,,,,,
TD014,21,"TD014_HJA2",2,TSHE,H,"SINGLE",14,0.039,0.005,1.10,0.06,Y,0.0000,0.1150,,,,0.8468,H,,-0.7403,,,,,,,,
TD014,21,"TD014_HJA2",2,TSHE,I,"LAG",14,0.053,0.020,1.00,,Y,0.0255,,0.73,0.21,0.0060,0.7848,H,0.9360,,,,,,,,,
TD014,21,"TD014_HJA2",2,TSHE,I,"SINGLE",14,0.091,0.012,1.04,0.15,Y,0.0000,0.7865,,,,0.8159,H,,-0.7403,,,,,,,,
TD014,21,"TD014_HJA2",2,TSHE,O,"LAG",14,0.037,0.014,1.00,,Y,0.0235,,1.80,0.65,0.0181,0.7683,H,0.9587,,,,,,,,,
TD014,21,"TD014_HJA2",2,TSHE,O,"SINGLE",14,0.022,0.004,1.06,0.05,Y,0.0001,0.2157,,,,0.7230,H,,-0.7403,,,,,,,,
TD014,21,"TD014_HJA2",2,TSHE,S,"DUAL",14,,,1.00,,Y,,,,,,0.9284,H,,,0.02,1.89,0.134,7.261,0.047,0.056,0.9701,-0.9912
TD014,21,"TD014_HJA2",2,TSHE,S,"LAG",14,0.041,0.009,1.00,,Y,0.0008,,0.87,0.14,0.0001,0.9190,H,0.9418,,,,,,,,,
TD014,21,"TD014_HJA2",2,TSHE,S,"SINGLE",14,0.046,0.004,0.98,0.04,Y,0.0000,0.6658,,,,0.9283,H,,-0.7403,,,,,,,,
TD014,21,"TD014_HJA2",2,TSHE,X,"LAG",14,0.037,0.006,1.00,,Y,0.0000,,1.07,0.13,0.0000,0.9569,H,0.9460,,,,,,,,,
TD014,21,"TD014_HJA2",2,TSHE,X,"SINGLE",14,0.038,0.002,1.02,0.03,N,0.0000,0.4407,,,,0.9565,H,,-0.7403,,,,,,,,
TD014,21,"TD014_HJA3",3,ABAM,H,"LAG",14,0.068,0.021,1.00,,Y,0.0088,,1.41,0.45,0.0098,0.8436,H,0.9398,,,,,,,,,
TD014,21,"TD014_HJA3",3,ABAM,H,"SINGLE",14,0.050,0.006,1.04,0.07,Y,0.0000,0.6192,,,,0.8518,H,,-0.7403,,,,,,,,
TD014,21,"TD014_HJA3",3,ABAM,O,"DUAL",14,,,1.00,,Y,,,,,,0.6864,H,,,0.81,143.54,0.053,2.105,0.032,6.834,0.9984,-0.9996
TD014,21,"TD014_HJA3",3,ABAM,O,"LAG",14,0.039,0.020,1.00,,Y,0.0773,,0.94,0.36,0.0252,0.6769,H,0.9435,,,,,,,,,
TD014,21,"TD014_HJA3",3,ABAM,O,"SINGLE",14,0.054,0.008,1.06,0.10,Y,0.0000,0.5643,,,,0.7745,H,,-0.7403,,,,,,,,
TD014,21,"TD014_HJA3",3,ABAM,S,"DUAL",14,,,1.00,,Y,,,,,,0.8906,H,,,0.89,1.60,0.084,0.122,0.002,0.370,0.9771,-0.9915
TD014,21,"TD014_HJA3",3,ABAM,S,"LAG",14,0.073,0.021,1.00,,Y,0.0057,,1.05,0.29,0.0037,0.8677,H,0.9364,,,,,,,,,
TD014,21,"TD014_HJA3",3,ABAM,S,"SINGLE",14,0.063,0.006,0.96,0.08,Y,0.0000,0.6212,,,,0.8867,H,,-0.7403,,,,,,,,
TD014,21,"TD014_HJA3",3,ABAM,X,"LAG",14,0.065,0.015,1.00,,Y,0.0015,,1.18,0.26,0.0010,0.9066,H,0.9383,,,,,,,,,
TD014,21,"TD014_HJA3",3,ABAM,X,"SINGLE",14,0.056,0.005,1.02,0.05,N,0.0000,0.6846,,,,0.9208,H,,-0.7403,,,,,,,,
TD014,21,"TD014_HJA3",3,PSME,H,"LAG",14,0.075,0.025,1.00,,Y,0.0121,,9.95,7.31,0.2004,0.7402,H,0.9880,,,,,,,,,
TD014,21,"TD014_HJA3",3,PSME,H,"SINGLE",14,0.010,0.002,1.03,0.03,Y,0.0011,0.3328,,,,0.5996,H,,-0.7403,,,,,,,,
TD014,21,"TD014_HJA3",3,PSME,I,"LAG",14,0.100,0.028,1.00,,Y,0.0041,,1.01,0.28,0.0039,0.8828,H,0.9350,,,,,,,,,
TD014,21,"TD014_HJA3",3,PSME,I,"SINGLE",14,0.096,0.006,0.97,0.07,Y,0.0000,0.6758,,,,0.9589,H,,-0.7403,,,,,,,,
TD014,21,"TD014_HJA3",3,PSME,O,"LAG",14,0.027,0.008,1.00,,Y,0.0091,,1.13,0.26,0.0010,0.8569,H,0.9553,,,,,,,,,
TD014,21,"TD014_HJA3",3,PSME,O,"SINGLE",14,0.024,0.002,1.03,0.03,Y,0.0000,0.3947,,,,0.8959,H,,-0.7403,,,,,,,,
TD014,21,"TD014_HJA3",3,PSME,S,"LAG",14,0.047,0.012,1.00,,Y,0.0022,,1.35,0.31,0.0012,0.8930,H,0.9444,,,,,,,,,
TD014,21,"TD014_HJA3",3,PSME,S,"SINGLE",14,0.047,0.005,1.11,0.06,Y,0.0000,0.1080,,,,0.8723,H,,-0.7403,,,,,,,,
TD014,21,"TD014_HJA3",3,PSME,X,"LAG",14,0.023,0.006,1.00,,Y,0.0044,,1.16,0.22,0.0003,0.8770,H,0.9596,,,,,,,,,
TD014,21,"TD014_HJA3",3,PSME,X,"SINGLE",14,0.021,0.002,1.02,0.03,N,0.0000,0.4309,,,,0.8664,H,,-0.7403,,,,,,,,
TD014,21,"TD014_HJA3",3,THPL,H,"LAG",14,0.001,0.003,1.00,,Y,0.7697,,0.71,0.56,0.2289,0.0921,H,0.9893,,,,,,,,,
TD014,21,"TD014_HJA3",3,THPL,H,"SINGLE",14,0.002,0.002,0.98,0.02,Y,0.1670,0.4433,,,,0.1528,N,,-0.7403,,,,,,,,
TD014,21,"TD014_HJA3",3,THPL,I,"DUAL",14,,,1.00,,Y,,,,,,0.8321,H,,,0.36,0.86,0.213,0.431,0.041,0.060,0.9064,-0.9684
TD014,21,"TD014_HJA3",3,THPL,I,"LAG",14,0.059,0.024,1.00,,Y,0.0336,,0.80,0.27,0.0121,0.7812,H,0.9355,,,,,,,,,
TD014,21,"TD014_HJA3",3,THPL,I,"SINGLE",14,0.066,0.009,0.93,0.11,Y,0.0000,0.5061,,,,0.8229,H,,-0.7403,,,,,,,,
TD014,21,"TD014_HJA3",3,THPL,O,"LAG",14,0.037,0.018,1.00,,Y,0.0709,,1.44,0.63,0.0423,0.6471,H,0.9521,,,,,,,,,
TD014,21,"TD014_HJA3",3,THPL,O,"SINGLE",14,0.031,0.006,1.06,0.07,Y,0.0002,0.4249,,,,0.6997,H,,-0.7403,,,,,,,,
TD014,21,"TD014_HJA3",3,THPL,S,"LAG",14,0.066,0.026,1.00,,Y,0.0254,,1.20,0.45,0.0205,0.7836,H,0.9383,,,,,,,,,
TD014,21,"TD014_HJA3",3,THPL,S,"SINGLE",14,0.067,0.008,1.08,0.10,Y,0.0000,0.4587,,,,0.8475,H,,-0.7403,,,,,,,,
TD014,21,"TD014_HJA3",3,THPL,X,"LAG",14,0.006,0.004,1.00,,Y,0.1871,,0.73,0.19,0.0030,0.6674,N,0.9766,,,,,,,,,
TD014,21,"TD014_HJA3",3,THPL,X,"SINGLE",14,0.010,0.002,0.97,0.02,N,0.0001,0.2075,,,,0.7021,H,,-0.7403,,,,,,,,
TD014,21,"TD014_HJA3",3,TSHE,H,"LAG",14,0.066,0.015,1.00,,Y,0.0012,,3.30,1.11,0.0129,0.8791,H,0.9592,,,,,,,,,
TD014,21,"TD014_HJA3",3,TSHE,H,"SINGLE",14,0.030,0.004,1.11,0.05,Y,0.0000,0.0585,,,,0.8035,H,,-0.7403,,,,,,,,
TD014,21,"TD014_HJA3",3,TSHE,I,"LAG",14,0.107,0.035,1.00,,Y,0.0117,,1.20,0.43,0.0166,0.8522,H,0.9377,,,,,,,,,
TD014,21,"TD014_HJA3",3,TSHE,I,"SINGLE",14,0.115,0.007,1.13,0.08,Y,0.0000,0.1609,,,,0.9603,H,,-0.7403,,,,,,,,
TD014,21,"TD014_HJA3",3,TSHE,O,"LAG",14,0.060,0.040,1.00,,Y,0.1613,,4.48,4.75,0.3662,0.4348,H,0.9737,,,,,,,,,
TD014,21,"TD014_HJA3",3,TSHE,O,"SINGLE",14,0.017,0.005,1.05,0.06,Y,0.0070,0.4379,,,,0.4675,H,,-0.7403,,,,,,,,
TD014,21,"TD014_HJA3",3,TSHE,S,"LAG",14,0.048,0.012,1.00,,Y,0.0016,,1.41,0.32,0.0010,0.8923,H,0.9448,,,,,,,,,
TD014,21,"TD014_HJA3",3,TSHE,S,"SINGLE",14,0.037,0.004,1.05,0.04,Y,0.0000,0.2938,,,,0.8913,H,,-0.7403,,,,,,,,
TD014,21,"TD014_HJA3",3,TSHE,X,"LAG",14,0.048,0.010,1.00,,Y,0.0005,,1.68,0.35,0.0005,0.9134,H,0.9483,,,,,,,,,
TD014,21,"TD014_HJA3",3,TSHE,X,"SINGLE",14,0.034,0.003,1.08,0.04,N,0.0000,0.1029,,,,0.8819,H,,-0.7403,,,,,,,,
TD014,21,"TD014_HJA4",4,ABAM,H,"LAG",14,0.080,0.016,1.00,,Y,0.0005,,1.82,0.44,0.0016,0.9206,H,0.9420,,,,,,,,,
TD014,21,"TD014_HJA4",4,ABAM,H,"SINGLE",14,0.052,0.004,1.08,0.05,Y,0.0000,0.1719,,,,0.9173,H,,-0.7403,,,,,,,,
TD014,21,"TD014_HJA4",4,ABAM,O,"LAG",14,0.050,0.021,1.00,,Y,0.0327,,1.13,0.40,0.0168,0.7466,H,0.9409,,,,,,,,,
TD014,21,"TD014_HJA4",4,ABAM,O,"SINGLE",14,0.099,0.018,1.38,0.22,Y,0.0001,0.1647,,,,0.7131,H,,-0.7403,,,,,,,,
TD014,21,"TD014_HJA4",4,ABAM,S,"LAG",14,0.086,0.020,1.00,,Y,0.0011,,1.39,0.34,0.0018,0.9200,H,0.9391,,,,,,,,,
TD014,21,"TD014_HJA4",4,ABAM,S,"SINGLE",13,0.060,0.006,1.02,0.05,Y,0.0000,0.7730,,,,0.9083,H,,-0.7846,,,,,,,,
TD014,21,"TD014_HJA4",4,ABAM,X,"LAG",14,0.078,0.011,1.00,,Y,0.0000,,1.56,0.25,0.0001,0.9613,H,0.9403,,,,,,,,,
TD014,21,"TD014_HJA4",4,ABAM,X,"SINGLE",14,0.067,0.004,1.13,0.05,N,0.0000,0.0212,,,,0.9573,H,,-0.7403,,,,,,,,
TD014,21,"TD014_HJA4",4,PSME,H,"LAG",13,0.004,0.007,1.00,,Y,0.5433,,0.73,0.40,0.0998,0.3160,H,0.9809,,,,,,,,,
TD014,21,"TD014_HJA4",4,PSME,H,"SINGLE",13,0.008,0.003,0.98,0.04,Y,0.0209,0.5205,,,,0.3974,S,,-0.7513,,,,,,,,
TD014,21,"TD014_HJA4",4,PSME,I,"DUAL",13,,,1.00,,Y,,,,,,0.7478,H,,,0.12,0.33,0.629,2.992,0.067,0.035,0.6875,-0.8274
TD014,21,"TD014_HJA4",4,PSME,I,"LAG",13,0.061,0.033,1.00,,Y,0.0885,,0.77,0.34,0.0468,0.6831,H,0.9374,,,,,,,,,
TD014,21,"TD014_HJA4",4,PSME,I,"SINGLE",13,0.069,0.008,0.90,0.10,Y,0.0000,0.2905,,,,0.8706,H,,-0.7513,,,,,,,,
TD014,21,"TD014_HJA4",4,PSME,O,"LAG",13,0.030,0.012,1.00,,Y,0.0281,,1.82,0.63,0.0163,0.7774,H,0.9657,,,,,,,,,
TD014,21,"TD014_HJA4",4,PSME,O,"SINGLE",13,0.018,0.003,1.06,0.04,Y,0.0001,0.1751,,,,0.7611,H,,-0.7513,,,,,,,,
TD014,21,"TD014_HJA4",4,PSME,S,"LAG",13,0.046,0.006,1.00,,Y,0.0000,,1.14,0.12,0.0000,0.9717,H,0.9458,,,,,,,,,
TD014,21,"TD014_HJA4",4,PSME,S,"SINGLE",13,0.045,0.003,1.04,0.03,Y,0.0000,0.2248,,,,0.9610,H,,-0.7513,,,,,,,,
TD014,21,"TD014_HJA4",4,PSME,X,"LAG",13,0.015,0.006,1.00,,Y,0.0303,,0.86,0.19,0.0009,0.8264,S,0.9657,,,,,,,,,
TD014,21,"TD014_HJA4",4,PSME,X,"SINGLE",13,0.018,0.002,0.98,0.03,N,0.0000,0.5610,,,,0.8433,H,,-0.7514,,,,,,,,
TD014,21,"TD014_HJA4",4,THPL,H,"LAG",14,0.001,0.005,1.00,,Y,0.8488,,0.90,1.10,0.4291,-0.0955,H,0.9914,,,,,,,,,
TD014,21,"TD014_HJA4",4,THPL,H,"SINGLE",14,0.000,0.001,0.99,0.01,Y,0.8350,0.3461,,,,0.0038,N,,-0.7403,,,,,,,,
TD014,21,"TD014_HJA4",4,THPL,I,"LAG",14,0.169,0.065,1.00,,Y,0.0255,,1.91,1.02,0.0878,0.8100,H,0.9465,,,,,,,,,
TD014,21,"TD014_HJA4",4,THPL,I,"SINGLE",14,0.105,0.013,1.07,0.16,Y,0.0000,0.6654,,,,0.8408,H,,-0.7403,,,,,,,,
TD014,21,"TD014_HJA4",4,THPL,O,"LAG",14,0.081,0.014,1.00,,Y,0.0001,,4.70,1.45,0.0080,0.9330,H,0.9634,,,,,,,,,
TD014,21,"TD014_HJA4",4,THPL,O,"SINGLE",14,0.031,0.004,1.16,0.04,Y,0.0000,0.0048,,,,0.8676,H,,-0.7403,,,,,,,,
TD014,21,"TD014_HJA4",4,THPL,S,"LAG",14,0.064,0.015,1.00,,Y,0.0011,,1.31,0.29,0.0010,0.9076,H,0.9395,,,,,,,,,
TD014,21,"TD014_HJA4",4,THPL,S,"SINGLE",14,0.079,0.010,1.22,0.12,Y,0.0000,0.1220,,,,0.8391,H,,-0.7403,,,,,,,,
TD014,21,"TD014_HJA4",4,THPL,X,"LAG",14,0.011,0.003,1.00,,Y,0.0033,,1.02,0.14,0.0000,0.9135,H,0.9715,,,,,,,,,
TD014,21,"TD014_HJA4",4,THPL,X,"SINGLE",14,0.011,0.001,1.00,0.01,N,0.0000,0.9406,,,,0.9261,H,,-0.7403,,,,,,,,
TD014,21,"TD014_HJA4",4,TSHE,H,"LAG",14,0.048,0.011,1.00,,Y,0.0014,,1.55,0.36,0.0012,0.8936,H,0.9466,,,,,,,,,
TD014,21,"TD014_HJA4",4,TSHE,H,"SINGLE",14,0.036,0.004,1.07,0.04,Y,0.0000,0.1287,,,,0.8955,H,,-0.7403,,,,,,,,
TD014,21,"TD014_HJA4",4,TSHE,I,"DUAL",14,,,1.00,,Y,,,,,,0.7644,H,,,0.74,2.04,0.118,0.250,0.015,0.239,0.9617,-0.9865
TD014,21,"TD014_HJA4",4,TSHE,I,"LAG",14,0.078,0.039,1.00,,Y,0.0708,,1.00,0.47,0.0552,0.7211,H,0.9357,,,,,,,,,
TD014,21,"TD014_HJA4",4,TSHE,I,"SINGLE",14,0.063,0.008,0.93,0.10,Y,0.0000,0.4535,,,,0.8333,H,,-0.7403,,,,,,,,
TD014,21,"TD014_HJA4",4,TSHE,O,"LAG",14,0.054,0.018,1.00,,Y,0.0125,,3.04,1.36,0.0468,0.7945,H,0.9639,,,,,,,,,
TD014,21,"TD014_HJA4",4,TSHE,O,"SINGLE",14,0.023,0.003,1.10,0.04,Y,0.0000,0.0319,,,,0.7910,H,,-0.7403,,,,,,,,
TD014,21,"TD014_HJA4",4,TSHE,S,"DUAL",14,,,1.00,,Y,,,,,,0.9195,H,,,0.47,3.03,0.079,0.272,0.020,0.124,0.9871,-0.9959
TD014,21,"TD014_HJA4",4,TSHE,S,"LAG",14,0.038,0.009,1.00,,Y,0.0021,,0.92,0.17,0.0002,0.9005,H,0.9439,,,,,,,,,
TD014,21,"TD014_HJA4",4,TSHE,S,"SINGLE",14,0.039,0.003,0.98,0.04,Y,0.0000,0.5834,,,,0.9266,H,,-0.7403,,,,,,,,
TD014,21,"TD014_HJA4",4,TSHE,X,"LAG",14,0.043,0.007,1.00,,Y,0.0001,,1.21,0.18,0.0000,0.9435,H,0.9449,,,,,,,,,
TD014,21,"TD014_HJA4",4,TSHE,X,"SINGLE",14,0.038,0.002,1.04,0.03,N,0.0000,0.2124,,,,0.9468,H,,-0.7403,,,,,,,,
TD014,21,"TD014_HJA5",5,ABAM,H,"LAG",14,0.087,0.013,1.00,,Y,0.0000,,3.52,0.84,0.0015,0.9487,H,0.9536,,,,,,,,,
TD014,21,"TD014_HJA5",5,ABAM,H,"SINGLE",14,0.044,0.005,1.16,0.05,Y,0.0000,0.0175,,,,0.8854,H,,-0.7403,,,,,,,,
TD014,21,"TD014_HJA5",5,ABAM,O,"DUAL",14,,,1.00,,Y,,,,,,0.3514,H,,,0.85,104.81,0.053,1.678,0.029,7.344,0.9980,-0.9995
TD014,21,"TD014_HJA5",5,ABAM,O,"LAG",14,0.014,0.011,1.00,,Y,0.2247,,0.58,0.21,0.0197,0.5798,H,0.9599,,,,,,,,,
TD014,21,"TD014_HJA5",5,ABAM,O,"SINGLE",14,0.029,0.006,0.93,0.07,Y,0.0004,0.3659,,,,0.6627,H,,-0.7403,,,,,,,,
TD014,21,"TD014_HJA5",5,ABAM,S,"LAG",14,0.051,0.011,1.00,,Y,0.0009,,1.09,0.21,0.0003,0.9152,H,0.9403,,,,,,,,,
TD014,21,"TD014_HJA5",5,ABAM,S,"SINGLE",14,0.051,0.004,1.04,0.05,Y,0.0000,0.4440,,,,0.9367,H,,-0.7403,,,,,,,,
TD014,21,"TD014_HJA5",5,ABAM,X,"LAG",14,0.049,0.011,1.00,,Y,0.0011,,1.32,0.28,0.0006,0.9002,H,0.9435,,,,,,,,,
TD014,21,"TD014_HJA5",5,ABAM,X,"SINGLE",14,0.045,0.004,1.07,0.05,N,0.0000,0.1728,,,,0.9018,H,,-0.7403,,,,,,,,
TD014,21,"TD014_HJA5",5,PSME,H,"LAG",14,0.011,0.005,1.00,,Y,0.0680,,1.25,0.32,0.0027,0.7343,H,0.9770,,,,,,,,,
TD014,21,"TD014_HJA5",5,PSME,H,"SINGLE",14,0.007,0.001,1.00,0.01,Y,0.0000,0.8650,,,,0.7638,H,,-0.7403,,,,,,,,
TD014,21,"TD014_HJA5",5,PSME,I,"DUAL",14,,,1.00,,Y,,,,,,0.8964,H,,,0.45,0.74,0.203,0.260,0.043,0.058,0.9169,-0.9726
TD014,21,"TD014_HJA5",5,PSME,I,"LAG",14,0.059,0.018,1.00,,Y,0.0065,,0.69,0.16,0.0012,0.8598,H,0.9343,,,,,,,,,
TD014,21,"TD014_HJA5",5,PSME,I,"SINGLE",14,0.062,0.007,0.84,0.08,Y,0.0000,0.0429,,,,0.8831,H,,-0.7403,,,,,,,,
TD014,21,"TD014_HJA5",5,PSME,O,"LAG",14,0.019,0.025,1.00,,Y,0.4564,,1.37,1.20,0.2772,0.2480,H,0.9682,,,,,,,,,
TD014,21,"TD014_HJA5",5,PSME,O,"SINGLE",14,0.015,0.006,1.02,0.07,Y,0.0308,0.7990,,,,0.3328,S,,-0.7403,,,,,,,,
TD014,21,"TD014_HJA5",5,PSME,S,"LAG",14,0.038,0.013,1.00,,Y,0.0148,,1.10,0.30,0.0038,0.8141,H,0.9461,,,,,,,,,
TD014,21,"TD014_HJA5",5,PSME,S,"SINGLE",14,0.043,0.006,1.06,0.07,Y,0.0000,0.4060,,,,0.8099,H,,-0.7403,,,,,,,,
TD014,21,"TD014_HJA5",5,PSME,X,"LAG",14,0.015,0.005,1.00,,Y,0.0167,,0.95,0.18,0.0003,0.8402,S,0.9654,,,,,,,,,
TD014,21,"TD014_HJA5",5,PSME,X,"SINGLE",14,0.016,0.002,1.00,0.02,N,0.0000,0.8670,,,,0.8473,H,,-0.7403,,,,,,,,
TD014,21,"TD014_HJA5",5,THPL,H,"LAG",14,0.010,0.009,1.00,,Y,0.3058,,1.81,0.94,0.0806,0.5685,H,0.9870,,,,,,,,,
TD014,21,"TD014_HJA5",5,THPL,H,"SINGLE",14,0.003,0.001,1.02,0.01,Y,0.0007,0.0604,,,,0.6337,H,,-0.7403,,,,,,,,
TD014,21,"TD014_HJA5",5,THPL,I,"LAG",14,0.073,0.035,1.00,,Y,0.0592,,0.97,0.42,0.0410,0.7166,H,0.9357,,,,,,,,,
TD014,21,"TD014_HJA5",5,THPL,I,"SINGLE",14,0.120,0.017,1.27,0.20,Y,0.0000,0.2549,,,,0.8101,H,,-0.7403,,,,,,,,
TD014,21,"TD014_HJA5",5,THPL,O,"LAG",14,0.069,0.030,1.00,,Y,0.0433,,4.62,3.43,0.2047,0.6891,H,0.9685,,,,,,,,,
TD014,21,"TD014_HJA5",5,THPL,O,"SINGLE",14,0.023,0.005,1.12,0.05,Y,0.0002,0.0548,,,,0.6876,H,,-0.7403,,,,,,,,
TD014,21,"TD014_HJA5",5,THPL,S,"LAG",14,0.085,0.015,1.00,,Y,0.0001,,2.42,0.56,0.0011,0.9455,H,0.9457,,,,,,,,,
TD014,21,"TD014_HJA5",5,THPL,S,"SINGLE",14,0.072,0.009,1.30,0.10,Y,0.0000,0.0245,,,,0.8554,H,,-0.7403,,,,,,,,
TD014,21,"TD014_HJA5",5,THPL,X,"LAG",14,0.028,0.006,1.00,,Y,0.0005,,1.93,0.35,0.0002,0.9258,H,0.9698,,,,,,,,,
TD014,21,"TD014_HJA5",5,THPL,X,"SINGLE",14,0.013,0.001,1.05,0.02,N,0.0000,0.0115,,,,0.8997,H,,-0.7403,,,,,,,,
TD014,21,"TD014_HJA5",5,TSHE,H,"LAG",14,0.065,0.015,1.00,,Y,0.0010,,2.35,0.66,0.0046,0.8881,H,0.9490,,,,,,,,,
TD014,21,"TD014_HJA5",5,TSHE,H,"SINGLE",14,0.036,0.004,1.10,0.05,Y,0.0000,0.0654,,,,0.8828,H,,-0.7403,,,,,,,,
TD014,21,"TD014_HJA5",5,TSHE,I,"LAG",14,0.066,0.024,1.00,,Y,0.0185,,1.32,0.47,0.0174,0.8062,H,0.9393,,,,,,,,,
TD014,21,"TD014_HJA5",5,TSHE,I,"SINGLE",14,0.056,0.005,1.05,0.06,Y,0.0000,0.3804,,,,0.9165,H,,-0.7403,,,,,,,,
TD014,21,"TD014_HJA5",5,TSHE,O,"LAG",14,0.065,0.035,1.00,,Y,0.0953,,3.48,2.84,0.2451,0.5931,H,0.9617,,,,,,,,,
TD014,21,"TD014_HJA5",5,TSHE,O,"SINGLE",14,0.026,0.006,1.14,0.08,Y,0.0014,0.1112,,,,0.5874,H,,-0.7403,,,,,,,,
TD014,21,"TD014_HJA5",5,TSHE,S,"LAG",14,0.050,0.008,1.00,,Y,0.0001,,1.32,0.21,0.0001,0.9457,H,0.9430,,,,,,,,,
TD014,21,"TD014_HJA5",5,TSHE,S,"SINGLE",14,0.041,0.002,1.05,0.03,Y,0.0000,0.1273,,,,0.9607,H,,-0.7403,,,,,,,,
TD014,21,"TD014_HJA5",5,TSHE,X,"LAG",14,0.054,0.009,1.00,,Y,0.0001,,1.66,0.27,0.0001,0.9472,H,0.9453,,,,,,,,,
TD014,21,"TD014_HJA5",5,TSHE,X,"SINGLE",14,0.038,0.003,1.07,0.03,N,0.0000,0.0395,,,,0.9437,H,,-0.7403,,,,,,,,
TD014,21,"TD014_HJA6",6,ABAM,H,"LAG",14,0.045,0.014,1.00,,Y,0.0069,,1.73,0.52,0.0067,0.8280,H,0.9512,,,,,,,,,
TD014,21,"TD014_HJA6",6,ABAM,H,"SINGLE",14,0.032,0.004,1.08,0.05,Y,0.0000,0.1510,,,,0.8247,H,,-0.7403,,,,,,,,
TD014,21,"TD014_HJA6",6,ABAM,O,"DUAL",14,,,1.00,,Y,,,,,,0.7720,H,,,0.49,153.78,0.059,3.170,0.040,2.518,0.9987,-0.9997
TD014,21,"TD014_HJA6",6,ABAM,O,"LAG",14,0.021,0.008,1.00,,Y,0.0197,,0.58,0.11,0.0004,0.8279,H,0.9516,,,,,,,,,
TD014,21,"TD014_HJA6",6,ABAM,O,"SINGLE",14,0.038,0.004,0.92,0.05,Y,0.0000,0.0813,,,,0.8926,H,,-0.7403,,,,,,,,
TD014,21,"TD014_HJA6",6,ABAM,S,"DUAL",14,,,1.00,,Y,,,,,,0.9522,H,,,0.12,0.88,0.154,0.718,0.043,0.034,0.9536,-0.9857
TD014,21,"TD014_HJA6",6,ABAM,S,"LAG",14,0.046,0.008,1.00,,Y,0.0002,,0.93,0.13,0.0000,0.9422,H,0.9402,,,,,,,,,
TD014,21,"TD014_HJA6",6,ABAM,S,"SINGLE",14,0.049,0.004,0.99,0.04,Y,0.0000,0.8397,,,,0.9408,H,,-0.7403,,,,,,,,
TD014,21,"TD014_HJA6",6,ABAM,X,"LAG",14,0.038,0.007,1.00,,Y,0.0003,,1.06,0.16,0.0000,0.9318,H,0.9452,,,,,,,,,
TD014,21,"TD014_HJA6",6,ABAM,X,"SINGLE",14,0.041,0.003,1.03,0.04,N,0.0000,0.4477,,,,0.9180,H,,-0.7403,,,,,,,,
TD014,21,"TD014_HJA6",6,PSME,H,"LAG",14,0.031,0.017,1.00,,Y,0.0954,,2.83,1.62,0.1085,0.6112,H,0.9799,,,,,,,,,
TD014,21,"TD014_HJA6",6,PSME,H,"SINGLE",14,0.008,0.002,1.03,0.02,Y,0.0013,0.2662,,,,0.5898,H,,-0.7403,,,,,,,,
TD014,21,"TD014_HJA6",6,PSME,I,"LAG",14,0.066,0.013,1.00,,Y,0.0003,,1.03,0.18,0.0001,0.9366,H,0.9368,,,,,,,,,
TD014,21,"TD014_HJA6",6,PSME,I,"SINGLE",14,0.060,0.004,0.98,0.05,Y,0.0000,0.6445,,,,0.9470,H,,-0.7403,,,,,,,,
TD014,21,"TD014_HJA6",6,PSME,O,"LAG",14,0.028,0.011,1.00,,Y,0.0249,,1.26,0.37,0.0056,0.7637,H,0.9560,,,,,,,,,
TD014,21,"TD014_HJA6",6,PSME,O,"SINGLE",14,0.023,0.004,1.02,0.05,Y,0.0001,0.7347,,,,0.7262,H,,-0.7403,,,,,,,,
TD014,21,"TD014_HJA6",6,PSME,S,"LAG",14,0.043,0.013,1.00,,Y,0.0087,,1.58,0.47,0.0063,0.8184,H,0.9502,,,,,,,,,
TD014,21,"TD014_HJA6",6,PSME,S,"SINGLE",14,0.032,0.004,1.07,0.05,Y,0.0000,0.2029,,,,0.8447,H,,-0.7403,,,,,,,,
TD014,21,"TD014_HJA6",6,PSME,X,"LAG",14,0.025,0.009,1.00,,Y,0.0145,,1.47,0.39,0.0029,0.8065,S,0.9641,,,,,,,,,
TD014,21,"TD014_HJA6",6,PSME,X,"SINGLE",14,0.016,0.002,1.03,0.03,N,0.0000,0.3541,,,,0.8069,H,,-0.7403,,,,,,,,
TD014,21,"TD014_HJA6",6,THPL,H,"LAG",14,0.001,0.002,1.00,,Y,0.7232,,0.70,0.44,0.1418,0.3085,H,0.9897,,,,,,,,,
TD014,21,"TD014_HJA6",6,THPL,H,"SINGLE",14,0.003,0.001,0.99,0.02,Y,0.0524,0.5324,,,,0.2786,M,,-0.7403,,,,,,,,
TD014,21,"TD014_HJA6",6,THPL,I,"LAG",14,0.175,0.056,1.00,,Y,0.0095,,3.03,1.57,0.0793,0.8647,H,0.9539,,,,,,,,,
TD014,21,"TD014_HJA6",6,THPL,I,"SINGLE",14,0.099,0.006,1.19,0.08,Y,0.0000,0.0366,,,,0.9534,H,,-0.7403,,,,,,,,
TD014,21,"TD014_HJA6",6,THPL,O,"LAG",14,0.117,0.034,1.00,,Y,0.0052,,9.45,6.59,0.1794,0.8381,H,0.9712,,,,,,,,,
TD014,21,"TD014_HJA6",6,THPL,O,"SINGLE",14,0.037,0.007,1.19,0.08,Y,0.0002,0.0659,,,,0.6963,H,,-0.7403,,,,,,,,
TD014,21,"TD014_HJA6",6,THPL,S,"LAG",14,0.093,0.022,1.00,,Y,0.0015,,2.76,0.95,0.0139,0.8963,H,0.9474,,,,,,,,,
TD014,21,"TD014_HJA6",6,THPL,S,"SINGLE",14,0.077,0.011,1.33,0.13,Y,0.0000,0.0441,,,,0.8172,H,,-0.7403,,,,,,,,
TD014,21,"TD014_HJA6",6,THPL,X,"LAG",14,0.012,0.005,1.00,,Y,0.0284,,1.07,0.22,0.0006,0.8429,S,0.9715,,,,,,,,,
TD014,21,"TD014_HJA6",6,THPL,X,"SINGLE",14,0.011,0.001,1.01,0.02,N,0.0000,0.4612,,,,0.8424,H,,-0.7403,,,,,,,,
TD014,21,"TD014_HJA6",6,TSHE,H,"LAG",14,0.071,0.019,1.00,,Y,0.0030,,4.85,2.21,0.0510,0.8463,H,0.9692,,,,,,,,,
TD014,21,"TD014_HJA6",6,TSHE,H,"SINGLE",14,0.024,0.004,1.11,0.05,Y,0.0000,0.0473,,,,0.7661,H,,-0.7403,,,,,,,,
TD014,21,"TD014_HJA6",6,TSHE,I,"LAG",14,0.097,0.053,1.00,,Y,0.0964,,2.16,1.54,0.1889,0.6511,H,0.9440,,,,,,,,,
TD014,21,"TD014_HJA6",6,TSHE,I,"SINGLE",14,0.070,0.010,1.16,0.12,Y,0.0000,0.2249,,,,0.8096,H,,-0.7403,,,,,,,,
TD014,21,"TD014_HJA6",6,TSHE,O,"LAG",14,0.025,0.021,1.00,,Y,0.2524,,1.17,0.68,0.1151,0.4820,H,0.9575,,,,,,,,,
TD014,21,"TD014_HJA6",6,TSHE,O,"SINGLE",14,0.025,0.006,1.04,0.07,Y,0.0017,0.6459,,,,0.5754,H,,-0.7403,,,,,,,,
TD014,21,"TD014_HJA6",6,TSHE,S,"LAG",14,0.060,0.012,1.00,,Y,0.0005,,2.30,0.57,0.0020,0.9119,H,0.9505,,,,,,,,,
TD014,21,"TD014_HJA6",6,TSHE,S,"SINGLE",14,0.036,0.004,1.12,0.04,Y,0.0000,0.0284,,,,0.8878,H,,-0.7403,,,,,,,,
TD014,21,"TD014_HJA6",6,TSHE,X,"LAG",14,0.053,0.012,1.00,,Y,0.0011,,2.30,0.62,0.0035,0.8918,H,0.9544,,,,,,,,,
TD014,21,"TD014_HJA6",6,TSHE,X,"SINGLE",14,0.031,0.003,1.11,0.04,N,0.0000,0.0274,,,,0.8608,H,,-0.7403,,,,,,,,
